"schoolid","schoolname","calendaryear","numapps","numftapps","numptapps","numoffers","numftoffers","numptoffers","nummatriculants","numftmatriculants","numptmatriculants","otherfirstyear","totalfirstyear","ftfirstyear","ptfirstyear","uggpa75","ftuggpa75","ptuggpa75","uggpa50","ftuggpa50","ptuggpa50","uggpa25","ftuggpa25","ptuggpa25","uggpaexcl","ftuggpaexcl","ptuggpaexcl","lsat75","ftlsat75","ptlsat75","lsat50","ftlsat50","ptlsat50","lsat25","ftlsat25","ptlsat25","lsatexcl","ftlsatexcl","ptlsatexcl","gmatenrolled","actenrolled","greenrolled","satenrolled","gmat75","gmat50","gmat25","act75","act50","act25","greverbal75","greverbal50","greverbal25","grequant75","grequant50","grequant25","greanalytical75","greanalytical50","greanalytical25","sat75","sat50","sat25"
"00100300","Faulkner University","2019","353","","","162","","","59","","","1","60","60","0","3.56","3.56","","3.08","3.08","","2.82","2.82","","0.00","0.00","","153","153","","150","150","","147","147","","0","0","","","","","","","","","","","","","","","","","","","","","","",""
"00103600","Samford University","2019","647","","","428","","","159","","","0","159","159","0","3.65","3.65","","3.48","3.48","","3.25","3.25","","0.00","0.00","","156","156","","153","153","","150","150","","0","0","","","","","","","","","","","","","","","","","","","","","","",""
"00105100","University of Alabama","2019","1446","","","474","","","132","","","3","135","135","0","4.00","4.00","","3.91","3.91","","3.54","3.54","","0.00","0.00","","166","166","","164","164","","157","157","","8","8","","","","","","","","","","","","","","","","","","","","","","",""
"00108100","Arizona State University","2019","3710","","","1091","","","269","","","4","273","273","0","3.91","3.91","","3.81","3.81","","3.39","3.39","","5.00","5.00","","165","165","","164","164","","156","156","","4","4","","","","","","","","","","","","","","","","","","","","","","",""
"00108300","University of Arizona","2019","1495","","","393","","","131","","","2","133","133","0","3.82","3.82","","3.65","3.65","","3.36","3.36","","3.00","3.00","","163","163","","162","162","","160","160","","17","17","","","","","","","","","","","","","","","","","","","","","","",""
"00110101","University of Arkansas-Little Rock","2019","805","","","426","","","154","","","1","155","123","32","3.61","3.63","3.52","3.35","3.36","3.23","3.06","3.06","3.04","0.00","0.00","0.00","155","156","154","152","152","149","148","148","145","0","0","0","","","","","","","","","","","","","","","","","","","","","",""
"00110800","University of Arkansas-Fayetteville","2019","629","","","340","","","113","","","0","113","113","0","3.69","3.69","","3.50","3.50","","3.15","3.15","","0.00","0.00","","158","158","","156","156","","153","153","","0","0","","","","","","","","","","","","","","","","","","","","","","",""
"00116453","Chapman University","2019","1743","","","592","","","146","","","2","148","148","0","3.64","3.64","","3.49","3.49","","3.28","3.28","","1.00","1.00","","160","160","","158","158","","155","155","","0","0","","","","","","","","","","","","","","","","","","","","","","",""
"00120529","Golden Gate University","2019","1088","","","602","","","122","","","5","127","105","22","3.38","3.45","3.19","3.14","3.15","3.01","2.79","2.83","2.69","7.00","5.00","2.00","152","153","152","150","150","150","147","147","147","0","0","0","","","","","","","","","","","","","","","","","","","","","",""
"00121601","University of La Verne","2019","826","","","337","","","92","","","7","99","86","13","3.29","3.34","3.18","2.98","2.97","3.01","2.79","2.78","2.90","5.00","4.00","1.00","151","151","151","150","150","149","148","148","148","0","0","0","","","","","","","","","","","","","","","","","","","","","",""
"00129500","Southwestern Law School","2019","1900","","","910","","","340","","","1","341","289","52","3.56","3.57","3.43","3.30","3.31","3.09","3.03","3.05","2.81","8.00","5.00","3.00","155","155","155","153","153","153","151","151","151","0","0","0","","","","","","","","","","","","","","","","","","","","","",""
"00130503","Stanford University","2019","3908","","","380","","","157","","","23","180","180","0","3.96","3.96","","3.91","3.91","","3.79","3.79","","0.00","0.00","","174","174","","171","171","","169","169","","1","1","","","","","","","","","","","","","","","","","","","","","","",""
"00131273","University of California-Berkeley","2019","5843","","","1150","","","307","","","20","327","327","0","3.90","3.90","","3.81","3.81","","3.70","3.70","","5.00","5.00","","170","170","","168","168","","165","165","","1","1","","","","","","","","","","","","","","","","","","","","","","",""
"00131373","University of California-Davis","2019","3103","","","963","","","231","","","3","234","234","0","3.75","3.75","","3.61","3.61","","3.41","3.41","","8.00","8.00","","164","164","","162","162","","159","159","","0","0","","","","","","","","","","","","","","","","","","","","","","",""
"00131400","University of California-Irvine","2019","3147","","","655","","","152","","","5","157","157","0","3.74","3.74","","3.59","3.59","","3.39","3.39","","8.00","8.00","","167","167","","165","165","","162","162","","0","0","","","","","","","","","","","","","","","","","","","","","","",""
"00131500","University of California-Los Angeles","2019","6175","","","1384","","","298","","","9","307","307","0","3.89","3.89","","3.79","3.79","","3.51","3.51","","5.00","5.00","","169","169","","168","168","","164","164","","7","7","","","","","","","","","","","","","","","","","","","","","","",""
"00132500","University of San Francisco","2019","1633","","","876","","","145","","","4","149","142","7","3.51","3.51","0.00","3.29","3.29","0.00","3.00","3.00","0.00","0.00","0.00","0.00","155","155","0","153","153","0","151","151","0","0","0","0","","","","","","","","","","","","","","","","","","","","","",""
"00132600","Santa Clara University","2019","2084","","","1145","","","231","","","10","241","241","0","3.53","3.53","","3.33","3.33","","3.10","3.10","","14.00","14.00","","159","159","","156","156","","153","153","","0","0","","","","","","","","","","","","","","","","","","","","","","",""
"00132800","University of Southern California","2019","5648","","","999","","","200","","","3","203","203","0","3.91","3.91","","3.80","3.80","","3.65","3.65","","4.00","4.00","","167","167","","166","166","","163","163","","6","6","","","","","","","","","","","","","","","","","","","","","","",""
"00132901","McGeorge School of Law","2019","827","","","519","","","168","","","8","176","149","27","3.54","3.55","3.47","3.35","3.37","3.31","3.03","3.04","3.01","2.00","1.00","1.00","156","156","159","153","153","154","150","150","151","0","0","0","","","","","","","","","","","","","","","","","","","","","",""
"00137000","University of Colorado","2019","3187","","","1107","","","175","","","1","176","176","0","3.81","3.81","","3.61","3.61","","3.36","3.36","","1.00","1.00","","165","165","","163","163","","157","157","","0","0","","","","","","","","","","","","","","","","","","","","","","",""
"00137100","University of Denver","2019","2324","","","1169","","","268","","","3","271","235","36","3.66","3.66","3.70","3.49","3.49","3.41","3.18","3.20","3.01","1.00","0.00","1.00","161","161","162","159","159","158","155","155","155","0","0","0","","","","","","","","","","","","","","","","","","","","","",""
"00140201","Quinnipiac University","2019","917","","","531","","","142","","","2","144","124","20","3.77","3.77","3.70","3.46","3.50","3.29","3.26","3.31","3.09","1.00","1.00","0.00","154","155","152","152","153","150","150","150","149","0","0","0","","","","","","","","","","","","","","","","","","","","","",""
"00141706","University of Connecticut","2019","1216","","","490","","","163","","","1","164","138","26","3.67","3.67","3.66","3.49","3.51","3.43","3.27","3.28","3.22","6.00","6.00","0.00","161","161","162","159","159","159","157","158","154","0","0","0","","","","","","","","","","","","","","","","","","","","","",""
"00142600","Yale University","2019","3198","","","263","","","184","","","28","212","212","0","3.99","3.99","","3.93","3.93","","3.85","3.85","","2.00","2.00","","175","175","","173","173","","170","170","","0","0","","","","","","","","","","","","","","","","","","","","","","",""
"00143401","American University","2019","5261","","","2038","","","380","","","1","381","321","60","3.62","3.64","3.53","3.50","3.50","3.42","3.24","3.24","3.17","8.00","2.00","6.00","161","161","161","159","159","159","155","154","156","5","4","1","","","","","","","","","","","","","","","","","","","","","",""
"00143711","Catholic University of America","2019","1179","","","547","","","155","","","0","155","114","41","3.61","3.61","3.60","3.42","3.42","3.38","3.21","3.24","3.03","2.00","1.00","1.00","158","158","158","155","155","157","152","152","154","0","0","0","","","","","","","","","","","","","","","","","","","","","",""
"00144102","District of Columbia","2019","531","","","190","","","79","","","0","79","43","36","3.35","3.25","3.46","3.08","3.03","3.14","2.87","2.82","2.91","5.00","1.00","4.00","150","149","153","148","148","149","146","146","146","0","0","0","","","","","","","","","","","","","","","","","","","","","",""
"00144402","George Washington University","2019","8019","","","2488","","","489","","","17","506","481","25","3.83","3.84","3.76","3.73","3.74","3.54","3.39","3.40","3.17","13.00","13.00","0.00","167","167","166","166","166","157","159","160","152","0","0","0","","","","","","","","","","","","","","","","","","","","","",""
"00144503","Georgetown University","2019","10366","","","2026","","","551","","","22","573","518","55","3.89","3.89","3.90","3.78","3.78","3.74","3.55","3.56","3.36","20.00","16.00","4.00","169","169","167","168","168","165","163","163","160","48","35","13","","","","","","","","","","","","","","","","","","","","","",""
"00144802","Howard University","2019","1490","","","569","","","158","","","2","160","160","0","3.58","3.58","","3.33","3.33","","3.09","3.09","","0.00","0.00","","156","156","","152","152","","149","149","","0","0","","","","","","","","","","","","","","","","","","","","","","",""
"00146601","Barry University","2019","1341","","","711","","","245","","","0","245","215","30","3.39","3.37","3.53","3.07","3.08","2.96","2.75","2.77","2.64","7.00","6.00","1.00","151","151","150","148","148","149","146","146","147","0","0","0","","","","","","","","","","","","","","","","","","","","","",""
"00146800","St. Thomas University (Florida)","2019","1030","","","589","","","226","","","7","233","233","0","3.51","3.51","","3.25","3.25","","2.89","2.89","","4.00","4.00","","151","151","","149","149","","146","146","","0","0","","","","","","","","","","","","","","","","","","","","","","",""
"00148001","Florida A&M University","2019","1204","","","604","","","210","","","2","212","171","41","3.43","3.44","3.41","3.10","3.11","3.02","2.87","2.89","2.77","3.00","3.00","0.00","149","149","150","146","146","147","145","145","145","0","0","0","","","","","","","","","","","","","","","","","","","","","",""
"00148900","Florida State University","2019","1598","","","522","","","192","","","0","192","192","0","3.84","3.84","","3.73","3.73","","3.48","3.48","","1.00","1.00","","161","161","","160","160","","155","155","","2","2","","","","","","","","","","","","","","","","","","","","","","",""
"00150900","Nova Southeastern University","2019","1301","","","650","","","196","","","10","206","172","34","3.40","3.43","3.33","3.16","3.19","2.95","2.85","2.87","2.73","3.00","3.00","0.00","153","153","152","151","151","151","149","150","149","0","0","0","","","","","","","","","","","","","","","","","","","","","",""
"00153101","Stetson University","2019","1767","","","891","","","298","","","0","298","254","44","3.55","3.56","3.43","3.30","3.34","3.10","3.05","3.09","2.85","2.00","2.00","0.00","158","158","158","155","155","154","153","153","152","0","0","0","","","","","","","","","","","","","","","","","","","","","",""
"00153505","University of Florida","2019","2208","","","456","","","152","","","20","172","172","0","3.89","3.89","","3.80","3.80","","3.34","3.34","","4.00","4.00","","166","166","","164","164","","156","156","","0","0","","","","","","","","","","","","","","","","","","","","","","",""
"00153601","University of Miami","2019","2609","","","1426","","","343","","","10","353","353","0","3.64","3.64","","3.44","3.44","","3.24","3.24","","6.00","6.00","","161","161","","158","158","","156","156","","0","0","","","","","","","","","","","","","","","","","","","","","","",""
"00156400","Emory University","2019","4316","","","1338","","","240","","","5","245","245","0","3.90","3.90","","3.80","3.80","","3.43","3.43","","16.00","16.00","","166","166","","165","165","","158","158","","0","0","","","","","","","","","","","","","","","","","","","","","","",""
"00157400","Georgia State University","2019","1710","","","501","","","217","","","0","217","162","55","3.66","3.68","3.60","3.51","3.55","3.42","3.34","3.37","3.13","8.00","6.00","2.00","160","160","158","158","158","156","156","156","154","0","0","0","","","","","","","","","","","","","","","","","","","","","",""
"00158015","Mercer University","2019","826","","","389","","","133","","","1","134","134","0","3.60","3.60","","3.37","3.37","","3.12","3.12","","0.00","0.00","","155","155","","153","153","","151","151","","0","0","","","","","","","","","","","","","","","","","","","","","","",""
"00159800","University of Georgia","2019","2268","","","471","","","192","","","2","194","194","0","3.87","3.87","","3.73","3.73","","3.46","3.46","","1.00","1.00","","165","165","","164","164","","157","157","","19","19","","","","","","","","","","","","","","","","","","","","","","",""
"00161000","University of Hawaii","2019","620","","","237","","","101","","","2","103","83","20","3.71","3.74","3.54","3.45","3.52","3.25","3.15","3.15","2.97","2.00","1.00","1.00","159","159","159","156","157","154","153","154","153","12","7","5","","","","","","","","","","","","","","","","","","","","","",""
"00162600","University of Idaho","2019","465","","","301","","","119","","","7","126","126","0","3.57","3.57","","3.28","3.28","","2.98","2.98","","4.00","4.00","","155","155","","153","153","","148","148","","1","1","","","","","","","","","","","","","","","","","","","","","","",""
"00167100","Depaul University","2019","1836","","","883","","","191","","","1","192","169","23","3.61","3.62","3.44","3.39","3.40","3.26","3.05","3.05","3.05","2.00","2.00","0.00","156","156","155","155","155","153","152","152","149","0","0","0","","","","","","","","","","","","","","","","","","","","","",""
"00169101","Chicago-Kent College of Law-IIT","2019","1700","","","854","","","236","","","4","240","201","39","3.69","3.69","3.67","3.49","3.49","3.49","3.11","3.11","2.95","6.00","4.00","2.00","160","160","160","158","158","158","153","153","153","12","9","3","","","","","","","","","","","","","","","","","","","","","",""
"00169800","John Marshall Law School","2019","1679","","","956","","","324","","","13","337","278","59","3.43","3.45","3.37","3.22","3.24","3.11","2.95","2.98","2.74","4.00","3.00","1.00","153","153","153","150","150","149","147","147","147","4","1","3","","","","","","","","","","","","","","","","","","","","","",""
"00171000","Loyola University-Chicago","2019","2735","","","1214","","","252","","","7","259","214","45","3.57","3.58","3.53","3.40","3.42","3.19","3.20","3.28","2.96","2.00","0.00","2.00","161","161","159","159","159","155","157","157","152","0","0","0","","","","","","","","","","","","","","","","","","","","","",""
"00173700","Northern Illinois University","2019","676","","","401","","","114","","","7","121","121","0","3.56","3.56","","3.28","3.28","","3.07","3.07","","1.00","1.00","","153","153","","150","150","","147","147","","4","4","","","","","","","","","","","","","","","","","","","","","","",""
"00173900","Northwestern University","2019","5441","","","980","","","234","","","9","243","243","0","3.92","3.92","","3.85","3.85","","3.56","3.56","","8.00","8.00","","171","171","","169","169","","165","165","","27","27","","","","","","","","","","","","","","","","","","","","","","",""
"00175800","Southern Illinois University-Carbondale","2019","423","","","223","","","85","","","0","85","85","0","3.50","3.50","","3.22","3.22","","2.99","2.99","","0.00","0.00","","153","153","","149","149","","147","147","","0","0","","","","","","","","","","","","","","","","","","","","","","",""
"00177400","University of Chicago","2019","4933","","","918","","","192","","","5","197","197","0","3.96","3.96","","3.90","3.90","","3.78","3.78","","1.00","1.00","","172","172","","170","170","","167","167","","3","3","","","","","","","","","","","","","","","","","","","","","","",""
"00177500","University of Illinois","2019","1304","","","478","","","130","","","0","130","130","0","3.82","3.82","","3.70","3.70","","3.42","3.42","","3.00","3.00","","164","164","","162","162","","157","157","","0","0","","","","","","","","","","","","","","","","","","","","","","",""
"00180900","Indiana University - Bloomington","2019","1790","","","679","","","169","","","0","169","169","0","3.93","3.93","","3.79","3.79","","3.57","3.57","","8.00","8.00","","163","163","","162","162","","155","155","","5","5","","","","","","","","","","","","","","","","","","","","","","",""
"00181300","Indiana University - Indianapolis","2019","923","","","575","","","254","","","2","256","196","60","3.64","3.65","3.46","3.44","3.50","3.24","3.14","3.23","2.99","5.00","3.00","2.00","157","157","155","154","154","153","150","150","150","0","0","0","","","","","","","","","","","","","","","","","","","","","",""
"00184000","University of Notre Dame","2019","2753","","","662","","","211","","","3","214","214","0","3.87","3.87","","3.74","3.74","","3.50","3.50","","7.00","7.00","","166","166","","165","165","","160","160","","4","4","","","","","","","","","","","","","","","","","","","","","","",""
"00186000","Drake University","2019","474","","","313","","","116","","","0","116","116","0","3.73","3.73","","3.44","3.44","","3.17","3.17","","0.00","0.00","","158","158","","154","154","","152","152","","0","0","","","","","","","","","","","","","","","","","","","","","","",""
"00189200","University of Iowa","2019","1125","","","669","","","151","","","0","151","151","0","3.77","3.77","","3.64","3.64","","3.41","3.41","","3.00","3.00","","163","163","","161","161","","156","156","","2","2","","","","","","","","","","","","","","","","","","","","","","",""
"00194800","University of Kansas","2019","569","","","326","","","104","","","4","108","108","0","3.87","3.87","","3.65","3.65","","3.34","3.34","","0.00","0.00","","159","159","","157","157","","152","152","","0","0","","","","","","","","","","","","","","","","","","","","","","",""
"00194900","Washburn University","2019","497","","","254","","","97","","","0","97","97","0","3.71","3.71","","3.41","3.41","","3.03","3.03","","0.00","0.00","","157","157","","154","154","","150","150","","0","0","","","","","","","","","","","","","","","","","","","","","","",""
"00198903","University of Kentucky","2019","782","","","388","","","100","","","2","102","102","0","3.80","3.80","","3.62","3.62","","3.36","3.36","","1.00","1.00","","158","158","","155","155","","154","154","","0","0","","","","","","","","","","","","","","","","","","","","","","",""
"00199900","University of Louisville","2019","587","","","310","","","94","","","2","96","96","0","3.67","3.67","","3.46","3.46","","3.16","3.16","","0.00","0.00","","157","157","","154","154","","151","151","","0","0","","","","","","","","","","","","","","","","","","","","","","",""
"00201000","Louisiana State University","2019","966","","","541","","","204","","","2","206","206","0","3.72","3.72","","3.48","3.48","","3.19","3.19","","4.00","4.00","","157","157","","155","155","","152","152","","0","0","","","","","","","","","","","","","","","","","","","","","","",""
"00201600","Loyola University-New Orleans","2019","855","","","534","","","171","","","1","172","154","18","3.50","3.50","3.67","3.30","3.29","3.32","3.00","3.02","2.82","1.00","0.00","1.00","154","154","159","151","151","153","148","148","149","0","0","0","","","","","","","","","","","","","","","","","","","","","",""
"00202500","Southern University","2019","822","","","499","","","230","","","11","241","148","93","3.31","3.38","3.09","2.99","3.14","2.80","2.68","2.79","2.45","0.00","0.00","0.00","147","147","147","145","145","145","142","143","142","0","0","0","","","","","","","","","","","","","","","","","","","","","",""
"00202900","Tulane University","2019","1510","","","793","","","211","","","1","212","212","0","3.65","3.65","","3.50","3.50","","3.27","3.27","","3.00","3.00","","161","161","","159","159","","154","154","","0","0","","","","","","","","","","","","","","","","","","","","","","",""
"00205400","University of Maine","2019","572","","","308","","","83","","","8","91","91","0","3.68","3.68","","3.48","3.48","","3.20","3.20","","3.00","3.00","","158","158","","154","154","","151","151","","1","1","","","","","","","","","","","","","","","","","","","","","","",""
"00210200","University of Baltimore","2019","1122","","","618","","","221","","","0","221","165","56","3.44","3.44","3.46","3.19","3.19","3.18","2.92","2.93","2.92","3.00","2.00","1.00","156","156","156","153","153","153","150","150","151","0","0","0","","","","","","","","","","","","","","","","","","","","","",""
"00210400","University of Maryland","2019","2406","","","1055","","","211","","","5","216","192","24","3.79","3.78","3.85","3.66","3.66","3.73","3.49","3.49","3.56","5.00","5.00","0.00","161","161","161","159","159","159","153","153","153","0","0","0","","","","","","","","","","","","","","","","","","","","","",""
"00212801","Boston College","2019","4717","","","1477","","","253","","","1","254","254","0","3.73","3.73","","3.64","3.64","","3.45","3.45","","5.00","5.00","","165","165","","164","164","","161","161","","0","0","","","","","","","","","","","","","","","","","","","","","","",""
"00213007","Boston University","2019","5812","","","1345","","","223","","","8","231","231","0","3.86","3.86","","3.78","3.78","","3.56","3.56","","3.00","3.00","","168","168","","166","166","","161","161","","4","4","","","","","","","","","","","","","","","","","","","","","","",""
"00215510","Harvard University","2019","7333","","","916","","","494","","","70","564","564","0","3.96","3.96","","3.89","3.89","","3.79","3.79","","27.00","27.00","","175","175","","173","173","","170","170","","43","43","","","","","","","","","","","","","","","","","","","","","","",""
"00219900","Northeastern University","2019","2473","","","1070","","","200","","","8","208","208","0","3.75","3.75","","3.63","3.63","","3.40","3.40","","3.00","3.00","","163","163","","162","162","","156","156","","0","0","","","","","","","","","","","","","","","","","","","","","","",""
"00221007","University of Massachusetts Dartmouth","2019","1130","","","619","","","111","","","1","112","86","26","3.53","3.46","3.59","3.22","3.22","3.30","2.98","3.02","2.87","1.00","0.00","1.00","153","153","153","149","149","150","147","147","146","0","0","0","","","","","","","","","","","","","","","","","","","","","",""
"00221810","Suffolk University","2019","1924","","","1283","","","364","","","4","368","283","85","3.55","3.54","3.57","3.33","3.33","3.33","3.08","3.10","3.05","10.00","4.00","6.00","156","156","157","152","152","153","149","149","149","11","5","6","","","","","","","","","","","","","","","","","","","","","",""
"00222600","Western New England University","2019","661","","","371","","","107","","","3","110","79","31","3.67","3.66","3.75","3.36","3.36","3.24","2.95","2.95","2.92","1.00","1.00","0.00","152","151","153","148","148","148","146","146","145","0","0","0","","","","","","","","","","","","","","","","","","","","","",""
"00225400","Michigan State University","2019","1475","","","812","","","233","","","5","238","238","0","3.77","3.77","","3.58","3.58","","3.29","3.29","","2.00","2.00","","157","157","","155","155","","152","152","","0","0","","","","","","","","","","","","","","","","","","","","","","",""
"00232300","University of Detroit Mercy","2019","900","","","527","","","207","","","2","209","190","19","3.46","3.47","3.46","3.24","3.23","3.39","3.02","3.01","3.05","23.00","23.00","0.00","155","156","154","153","153","152","150","150","146","0","0","0","","","","","","","","","","","","","","","","","","","","","",""
"00232503","University of Michigan","2019","5629","","","936","","","294","","","24","318","318","0","3.88","3.88","","3.81","3.81","","3.56","3.56","","1.00","1.00","","170","170","","169","169","","163","163","","0","0","","","","","","","","","","","","","","","","","","","","","","",""
"00232902","Wayne State University","2019","741","","","328","","","119","","","6","125","116","9","3.73","3.73","0.00","3.56","3.56","0.00","3.16","3.16","0.00","1.00","1.00","0.00","161","161","0","159","159","0","154","154","0","0","0","0","","","","","","","","","","","","","","","","","","","","","",""
"00234500","University of St. Thomas (Minnesota)","2019","632","","","386","","","153","","","4","157","157","0","3.69","3.69","","3.51","3.51","","3.25","3.25","","0.00","0.00","","158","158","","154","154","","151","151","","0","0","","","","","","","","","","","","","","","","","","","","","","",""
"00239101","Mitchell Hamline School of Law","2019","1299","","","776","","","347","","","14","361","143","218","3.54","3.61","3.47","3.23","3.32","3.14","2.87","3.06","2.81","12.00","2.00","10.00","156","157","155","152","152","152","148","149","148","0","0","0","","","","","","","","","","","","","","","","","","","","","",""
"00241501","Mississippi College","2019","610","","","388","","","125","","","1","126","126","0","3.43","3.43","","3.19","3.19","","2.89","2.89","","0.00","0.00","","152","152","","148","148","","145","145","","0","0","","","","","","","","","","","","","","","","","","","","","","",""
"00244000","University of Mississippi","2019","959","","","392","","","156","","","1","157","157","0","3.75","3.75","","3.48","3.48","","3.16","3.16","","0.00","0.00","","157","157","","155","155","","151","151","","0","0","","","","","","","","","","","","","","","","","","","","","","",""
"00250609","Saint Louis University","2019","834","","","499","","","197","","","2","199","178","21","3.68","3.68","3.51","3.45","3.46","3.37","3.18","3.18","3.10","3.00","2.00","1.00","158","158","156","155","155","153","152","152","151","0","0","0","","","","","","","","","","","","","","","","","","","","","",""
"00251600","University of Missouri","2019","560","","","294","","","93","","","3","96","96","0","3.84","3.84","","3.64","3.64","","3.32","3.32","","2.00","2.00","","160","160","","157","157","","152","152","","0","0","","","","","","","","","","","","","","","","","","","","","","",""
"00251800","University of Missouri-Kansas City","2019","574","","","316","","","125","","","0","125","125","0","3.67","3.67","","3.41","3.41","","3.19","3.19","","1.00","1.00","","156","156","","153","153","","151","151","","0","0","","","","","","","","","","","","","","","","","","","","","","",""
"00252000","Washington University","2019","4129","","","1025","","","221","","","8","229","229","0","3.93","3.93","","3.83","3.83","","3.40","3.40","","11.00","11.00","","170","170","","169","169","","162","162","","1","1","","","","","","","","","","","","","","","","","","","","","","",""
"00253600","University of Montana","2019","414","","","254","","","87","","","1","88","88","0","3.66","3.66","","3.40","3.40","","3.12","3.12","","1.00","1.00","","157","157","","154","154","","152","152","","3","3","","","","","","","","","","","","","","","","","","","","","","",""
"00254200","Creighton University","2019","905","","","516","","","108","","","5","113","113","0","3.54","3.54","","3.19","3.19","","2.95","2.95","","3.00","3.00","","155","155","","152","152","","150","150","","0","0","","","","","","","","","","","","","","","","","","","","","","",""
"00256500","University of Nebraska","2019","731","","","389","","","142","","","4","146","146","0","3.91","3.91","","3.73","3.73","","3.51","3.51","","1.00","1.00","","160","160","","157","157","","154","154","","2","2","","","","","","","","","","","","","","","","","","","","","","",""
"00256900","University of Nevada - Las Vegas","2019","947","","","258","","","127","","","3","130","114","16","3.81","3.81","3.74","3.69","3.70","3.63","3.28","3.31","3.07","2.00","1.00","1.00","161","161","159","159","159","155","154","154","151","2","2","0","","","","","","","","","","","","","","","","","","","","","",""
"00258903","University of New Hampshire","2019","612","","","379","","","136","","","3","139","99","40","3.61","3.61","3.70","3.45","3.47","3.31","3.16","3.21","2.79","11.00","3.00","8.00","158","158","157","156","156","150","152","153","145","6","0","6","","","","","","","","","","","","","","","","","","","","","",""
"00262900","Rutgers University","2019","2769","","","1219","","","398","","","6","404","341","63","3.63","3.61","3.72","3.41","3.41","3.38","3.13","3.13","3.07","9.00","6.00","3.00","158","159","156","156","156","154","153","154","152","0","0","0","","","","","","","","","","","","","","","","","","","","","",""
"00263201","Seton Hall University","2019","2078","","","900","","","213","","","0","213","168","45","3.69","3.74","3.64","3.50","3.54","3.34","3.18","3.22","3.06","2.00","1.00","1.00","160","160","161","158","158","157","153","153","153","0","0","0","","","","","","","","","","","","","","","","","","","","","",""
"00266300","University of New Mexico","2019","518","","","232","","","81","","","1","82","82","0","3.72","3.72","","3.47","3.47","","3.16","3.16","","1.00","1.00","","157","157","","155","155","","151","151","","0","0","","","","","","","","","","","","","","","","","","","","","","",""
"00267700","Brooklyn Law School","2019","3660","","","1727","","","395","","","6","401","367","34","3.58","3.58","3.55","3.44","3.44","3.43","3.24","3.24","3.23","11.00","10.00","1.00","160","160","160","157","157","158","155","155","155","12","11","1","","","","","","","","","","","","","","","","","","","","","",""
"00270711","Columbia University","2019","7193","","","1141","","","329","","","35","364","364","0","3.89","3.89","","3.80","3.80","","3.69","3.69","","17.00","17.00","","173","173","","172","172","","169","169","","8","8","","","","","","","","","","","","","","","","","","","","","","",""
"00271101","Cornell University","2019","4098","","","874","","","193","","","5","198","198","0","3.91","3.91","","3.81","3.81","","3.71","3.71","","28.00","28.00","","169","169","","168","168","","165","165","","6","6","","","","","","","","","","","","","","","","","","","","","","",""
"00272203","Fordham University","2019","5285","","","1440","","","408","","","8","416","357","59","3.76","3.76","3.71","3.64","3.65","3.58","3.43","3.45","3.34","11.00","6.00","5.00","166","166","163","164","164","161","161","162","156","0","0","0","","","","","","","","","","","","","","","","","","","","","",""
"00273200","Hofstra University","2019","2814","","","1360","","","257","","","5","262","249","13","3.73","3.74","3.46","3.53","3.55","3.29","3.19","3.23","3.11","2.00","2.00","0.00","156","156","158","154","154","156","150","150","151","1","0","1","","","","","","","","","","","","","","","","","","","","","",""
"00278300","New York Law School","2019","2894","","","1455","","","384","","","1","385","340","45","3.59","3.59","3.52","3.35","3.35","3.40","3.11","3.11","3.11","9.00","7.00","2.00","155","155","155","153","153","153","150","150","150","0","0","0","","","","","","","","","","","","","","","","","","","","","",""
"00278500","New York University","2019","7959","","","1719","","","416","","","11","427","427","0","3.89","3.89","","3.80","3.80","","3.63","3.63","","7.00","7.00","","172","172","","170","170","","167","167","","5","5","","","","","","","","","","","","","","","","","","","","","","",""
"00279102","Pace University","2019","1763","","","852","","","260","","","3","263","227","36","3.55","3.59","3.48","3.28","3.28","3.22","3.00","3.01","2.87","6.00","3.00","3.00","153","153","153","151","151","149","149","149","147","1","0","1","","","","","","","","","","","","","","","","","","","","","",""
"00282300","St. John's University","2019","2384","","","1147","","","250","","","4","254","240","14","3.78","3.77","3.83","3.62","3.62","3.56","3.32","3.32","3.11","5.00","2.00","3.00","161","161","161","159","159","160","153","153","152","13","12","1","","","","","","","","","","","","","","","","","","","","","",""
"00283700","University of Buffalo-SUNY","2019","859","","","402","","","137","","","4","141","141","0","3.75","3.75","","3.49","3.49","","3.19","3.19","","2.00","2.00","","157","157","","154","154","","151","151","","8","8","","","","","","","","","","","","","","","","","","","","","","",""
"00288200","Syracuse University","2019","2086","","","963","","","265","","","1","266","266","0","3.61","3.61","","3.33","3.33","","3.04","3.04","","2.00","2.00","","157","157","","154","154","","152","152","","0","0","","","","","","","","","","","","","","","","","","","","","","",""
"00288600","Albany Law School of Union University","2019","1205","","","633","","","175","","","1","176","176","0","3.64","3.64","","3.37","3.37","","3.07","3.07","","1.00","1.00","","156","156","","153","153","","151","151","","0","0","","","","","","","","","","","","","","","","","","","","","","",""
"00290301","Cardozo School of Law","2019","2999","","","1265","","","306","","","5","311","243","68","3.74","3.75","3.71","3.60","3.60","3.57","3.39","3.39","3.35","10.00","8.00","2.00","163","164","162","162","162","158","157","158","155","1","1","0","","","","","","","","","","","","","","","","","","","","","",""
"00291300","Campbell University","2019","683","","","418","","","167","","","7","174","174","0","3.54","3.54","","3.33","3.33","","3.08","3.08","","1.00","1.00","","155","155","","153","153","","150","150","","0","0","","","","","","","","","","","","","","","","","","","","","","",""
"00292002","Duke University","2019","5125","","","969","","","214","","","5","219","219","0","3.87","3.87","","3.78","3.78","","3.65","3.65","","9.00","9.00","","170","170","","169","169","","167","167","","0","0","","","","","","","","","","","","","","","","","","","","","","",""
"00292701","Elon University","2019","800","","","372","","","140","","","4","144","144","0","3.53","3.53","","3.20","3.20","","2.99","2.99","","0.00","0.00","","152","152","","149","149","","146","146","","0","0","","","","","","","","","","","","","","","","","","","","","","",""
"00295000","North Carolina Central University","2019","767","","","310","","","140","","","2","142","128","14","3.48","3.47","3.67","3.24","3.20","3.33","2.94","2.90","3.23","0.00","0.00","0.00","149","149","155","146","146","150","144","144","146","0","0","0","","","","","","","","","","","","","","","","","","","","","",""
"00297400","University of North Carolina","2019","1293","","","438","","","183","","","3","186","186","0","3.77","3.77","","3.63","3.63","","3.46","3.46","","3.00","3.00","","162","162","","161","161","","158","158","","0","0","","","","","","","","","","","","","","","","","","","","","","",""
"00297805","Wake Forest University","2019","2121","","","858","","","215","","","2","217","217","0","3.81","3.81","","3.68","3.68","","3.50","3.50","","3.00","3.00","","163","163","","162","162","","156","156","","1","1","","","","","","","","","","","","","","","","","","","","","","",""
"00300500","University of North Dakota","2019","309","","","188","","","84","","","0","84","84","0","3.66","3.66","","3.30","3.30","","2.97","2.97","","2.00","2.00","","152","152","","149","149","","145","145","","0","0","","","","","","","","","","","","","","","","","","","","","","",""
"00302302","Capital University","2019","580","","","432","","","157","","","7","164","128","36","3.60","3.61","3.25","3.22","3.29","3.02","2.89","2.99","2.70","1.00","1.00","0.00","155","154","156","150","150","150","147","147","147","0","0","0","","","","","","","","","","","","","","","","","","","","","",""
"00302400","Case Western Reserve University","2019","975","","","456","","","115","","","4","119","119","0","3.76","3.76","","3.63","3.63","","3.36","3.36","","2.00","2.00","","161","161","","159","159","","156","156","","0","0","","","","","","","","","","","","","","","","","","","","","","",""
"00303200","Cleveland State University","2019","698","","","335","","","143","","","1","144","115","29","3.69","3.70","3.56","3.43","3.47","3.34","3.23","3.24","3.02","1.00","1.00","0.00","157","157","155","154","154","153","150","150","152","0","0","0","","","","","","","","","","","","","","","","","","","","","",""
"00308900","Ohio Northern University","2019","373","","","142","","","49","","","1","50","50","0","3.67","3.67","","3.31","3.31","","2.95","2.95","","0.00","0.00","","155","155","","151","151","","147","147","","0","0","","","","","","","","","","","","","","","","","","","","","","",""
"00309000","Ohio State University","2019","1636","","","663","","","191","","","2","193","193","0","3.86","3.86","","3.76","3.76","","3.61","3.61","","4.00","4.00","","163","163","","161","161","","158","158","","0","0","","","","","","","","","","","","","","","","","","","","","","",""
"00312300","University of Akron","2019","664","","","331","","","110","","","1","111","87","24","3.67","3.67","3.62","3.45","3.45","3.41","3.05","3.07","2.95","0.00","0.00","0.00","155","155","155","153","152","153","151","150","152","0","0","0","","","","","","","","","","","","","","","","","","","","","",""
"00312500","University of Cincinnati","2019","891","","","450","","","135","","","0","135","135","0","3.82","3.82","","3.64","3.64","","3.39","3.39","","1.00","1.00","","159","159","","157","157","","153","153","","0","0","","","","","","","","","","","","","","","","","","","","","","",""
"00312700","University of Dayton","2019","1070","","","419","","","119","","","1","120","100","20","3.67","3.68","3.56","3.38","3.31","3.39","3.05","3.02","3.26","3.00","2.00","1.00","153","153","155","150","149","153","147","146","152","3","1","2","","","","","","","","","","","","","","","","","","","","","",""
"00313100","University of Toledo","2019","453","","","298","","","104","","","0","104","91","13","3.62","3.60","3.75","3.31","3.31","3.22","3.00","2.99","3.00","0.00","0.00","0.00","155","154","157","152","152","154","148","148","153","0","0","0","","","","","","","","","","","","","","","","","","","","","",""
"00316614","Oklahoma City University","2019","633","","","387","","","168","","","2","170","170","0","3.50","3.50","","3.29","3.29","","2.95","2.95","","0.00","0.00","","152","152","","149","149","","146","146","","0","0","","","","","","","","","","","","","","","","","","","","","","",""
"00318400","University of Oklahoma","2019","849","","","372","","","167","","","1","168","168","0","3.78","3.78","","3.63","3.63","","3.34","3.34","","2.00","2.00","","159","159","","157","157","","153","153","","0","0","","","","","","","","","","","","","","","","","","","","","","",""
"00318500","University of Tulsa","2019","621","","","357","","","118","","","0","118","118","0","3.63","3.63","","3.42","3.42","","3.13","3.13","","1.00","1.00","","156","156","","154","154","","151","151","","0","0","","","","","","","","","","","","","","","","","","","","","","",""
"00319100","Concordia Law School","2019","381","","","233","","","89","","","0","89","78","11","3.45","3.44","3.61","3.22","3.18","3.36","2.85","2.84","2.98","0.00","0.00","0.00","152","151","158","148","148","149","146","146","146","0","0","0","","","","","","","","","","","","","","","","","","","","","",""
"00319700","Lewis and Clark College","2019","1216","","","731","","","177","","","3","180","159","21","3.67","3.67","3.54","3.46","3.48","3.23","3.19","3.21","2.84","3.00","2.00","1.00","161","161","161","158","158","158","155","155","152","0","0","0","","","","","","","","","","","","","","","","","","","","","",""
"00322300","University of Oregon","2019","1004","","","591","","","152","","","1","153","153","0","3.65","3.65","","3.51","3.51","","3.26","3.26","","0.00","0.00","","160","160","","157","157","","154","154","","2","2","","","","","","","","","","","","","","","","","","","","","","",""
"00322700","Willamette University","2019","648","","","444","","","121","","","5","126","126","0","3.51","3.51","","3.16","3.16","","2.77","2.77","","2.00","2.00","","156","156","","153","153","","149","149","","0","0","","","","","","","","","","","","","","","","","","","","","","",""
"00325600","Drexel University","2019","1642","","","657","","","155","","","5","160","160","0","3.67","3.67","","3.47","3.47","","3.15","3.15","","0.00","0.00","","158","158","","157","157","","152","152","","0","0","","","","","","","","","","","","","","","","","","","","","","",""
"00325800","Duquesne University","2019","800","","","462","","","151","","","1","152","125","27","3.69","3.71","3.63","3.40","3.43","3.25","3.17","3.24","2.93","0.00","0.00","0.00","155","156","154","152","153","152","150","151","150","0","0","0","","","","","","","","","","","","","","","","","","","","","",""
"00331301","Widener University-Delaware","2019","1019","","","652","","","232","","","5","237","196","41","3.46","3.45","3.53","3.21","3.21","3.20","2.90","2.88","2.94","4.00","4.00","0.00","151","151","150","149","149","148","147","147","146","0","0","0","","","","","","","","","","","","","","","","","","","","","",""
"00331302","Widener Commonwealth","2019","561","","","382","","","109","","","2","111","93","18","3.47","3.47","3.62","3.10","3.11","3.03","2.84","2.83","2.84","2.00","2.00","0.00","151","151","154","149","149","147","146","146","146","0","0","0","","","","","","","","","","","","","","","","","","","","","",""
"00332900","Pennsylvania State University-Penn State Law","2019","1593","","","594","","","133","","","1","134","134","0","3.80","3.80","","3.65","3.65","","3.34","3.34","","4.00","4.00","","161","161","","160","160","","153","153","","0","0","","","","","","","","","","","","","","","","","","","","","","",""
"00332923","Pennsylvania State University-Dickinson School of Law","2019","1027","","","422","","","76","","","2","78","78","0","3.73","3.73","","3.40","3.40","","3.05","3.05","","5.00","5.00","","162","162","","161","161","","158","158","","0","0","","","","","","","","","","","","","","","","","","","","","","",""
"00337101","Temple University","2019","2350","","","839","","","232","","","6","238","199","39","3.72","3.73","3.62","3.56","3.59","3.40","3.28","3.29","3.20","8.00","6.00","2.00","163","164","160","161","161","157","158","159","154","0","0","0","","","","","","","","","","","","","","","","","","","","","",""
"00337800","University of Pennsylvania","2019","6483","","","941","","","235","","","14","249","249","0","3.96","3.96","","3.89","3.89","","3.54","3.54","","0.00","0.00","","171","171","","170","170","","163","163","","9","9","","","","","","","","","","","","","","","","","","","","","","",""
"00337900","University of Pittsburgh","2019","1196","","","409","","","120","","","0","120","120","0","3.71","3.71","","3.49","3.49","","3.22","3.22","","2.00","2.00","","160","160","","158","158","","155","155","","0","0","","","","","","","","","","","","","","","","","","","","","","",""
"00338801","Villanova University","2019","2048","","","700","","","182","","","2","184","184","0","3.78","3.78","","3.60","3.60","","3.37","3.37","","2.00","2.00","","161","161","","159","159","","154","154","","0","0","","","","","","","","","","","","","","","","","","","","","","",""
"00341001","Roger Williams University","2019","964","","","630","","","167","","","2","169","169","0","3.54","3.54","","3.21","3.21","","2.93","2.93","","2.00","2.00","","152","152","","149","149","","146","146","","0","0","","","","","","","","","","","","","","","","","","","","","","",""
"00344800","University of South Carolina","2019","1320","","","682","","","209","","","3","212","212","0","3.67","3.67","","3.43","3.43","","3.23","3.23","","0.00","0.00","","158","158","","155","155","","153","153","","2","2","","","","","","","","","","","","","","","","","","","","","","",""
"00347400","University of South Dakota","2019","309","","","199","","","84","","","0","84","84","0","3.78","3.78","","3.44","3.44","","3.15","3.15","","0.00","0.00","","154","154","","152","152","","147","147","","1","1","","","","","","","","","","","","","","","","","","","","","","",""
"00347900","Belmont University","2019","774","","","420","","","142","","","0","142","142","0","3.84","3.84","","3.63","3.63","","3.28","3.28","","0.00","0.00","","158","158","","156","156","","153","153","","0","0","","","","","","","","","","","","","","","","","","","","","","",""
"00350200","Lincoln Memorial University","2019","347","","","191","","","101","","","0","101","101","0","3.59","3.59","","3.24","3.24","","2.95","2.95","","0.00","0.00","","152","152","","149","149","","147","147","","0","0","","","","","","","","","","","","","","","","","","","","","","",""
"00350900","University of Memphis","2019","645","","","359","","","131","","","1","132","132","0","3.55","3.55","","3.32","3.32","","2.93","2.93","","0.00","0.00","","155","155","","152","152","","148","148","","0","0","","","","","","","","","","","","","","","","","","","","","","",""
"00353000","University of Tennessee","2019","1042","","","358","","","126","","","0","126","126","0","3.85","3.85","","3.65","3.65","","3.32","3.32","","0.00","0.00","","161","161","","159","159","","156","156","","0","0","","","","","","","","","","","","","","","","","","","","","","",""
"00353500","Vanderbilt University","2019","5294","","","1160","","","168","","","6","174","174","0","3.87","3.87","","3.80","3.80","","3.56","3.56","","1.00","1.00","","168","168","","167","167","","162","162","","2","2","","","","","","","","","","","","","","","","","","","","","","",""
"00354500","Baylor University","2019","2705","","","959","","","169","","","0","169","169","0","3.72","3.72","","3.60","3.60","","3.38","3.38","","2.00","2.00","","161","161","","160","160","","157","157","","0","0","","","","","","","","","","","","","","","","","","","","","","",""
"00361300","Southern Methodist University","2019","1757","","","833","","","269","","","4","273","273","0","3.83","3.83","","3.70","3.70","","3.33","3.33","","1.00","1.00","","163","163","","161","161","","155","155","","0","0","","","","","","","","","","","","","","","","","","","","","","",""
"00362300","St. Mary's University","2019","1372","","","741","","","249","","","8","257","233","24","3.50","3.50","3.26","3.24","3.26","3.04","2.87","2.88","2.77","1.00","1.00","0.00","154","154","152","151","152","149","149","150","148","0","0","0","","","","","","","","","","","","","","","","","","","","","",""
"00364200","Texas Southern University","2019","1441","","","406","","","175","","","5","180","180","0","3.33","3.33","","3.07","3.07","","2.78","2.78","","1.00","1.00","","147","147","","145","145","","143","143","","0","0","","","","","","","","","","","","","","","","","","","","","","",""
"00364400","Texas Tech University","2019","1142","","","505","","","142","","","5","147","147","0","3.60","3.60","","3.42","3.42","","3.20","3.20","","0.00","0.00","","157","157","","155","155","","153","153","","0","0","","","","","","","","","","","","","","","","","","","","","","",""
"00364500","Texas A&M University","2019","2280","","","655","","","170","","","3","173","171","2","3.80","3.80","0.00","3.62","3.62","0.00","3.34","3.34","0.00","1.00","1.00","0.00","160","160","0","159","159","0","154","154","0","6","6","0","","","","","","","","","","","","","","","","","","","","","",""
"00365200","University of Houston","2019","2628","","","921","","","207","","","2","209","175","34","3.75","3.76","3.73","3.61","3.61","3.58","3.33","3.32","3.39","4.00","4.00","0.00","161","162","160","160","160","158","156","157","153","0","0","0","","","","","","","","","","","","","","","","","","","","","",""
"00365800","University of Texas at Austin","2019","5803","","","1017","","","280","","","8","288","288","0","3.89","3.89","","3.72","3.72","","3.48","3.48","","6.00","6.00","","169","169","","168","168","","165","165","","0","0","","","","","","","","","","","","","","","","","","","","","","",""
"00367000","Brigham Young University","2019","456","","","187","","","119","","","4","123","123","0","3.92","3.92","","3.82","3.82","","3.60","3.60","","1.00","1.00","","167","167","","164","164","","160","160","","16","16","","","","","","","","","","","","","","","","","","","","","","",""
"00367500","University of Utah","2019","761","","","311","","","102","","","2","104","104","0","3.80","3.80","","3.60","3.60","","3.43","3.43","","0.00","0.00","","162","162","","160","160","","157","157","","0","0","","","","","","","","","","","","","","","","","","","","","","",""
"00370500","William and Mary Law School","2019","3291","","","1001","","","240","","","0","240","240","0","3.89","3.89","","3.76","3.76","","3.46","3.46","","5.00","5.00","","164","164","","163","163","","159","159","","0","0","","","","","","","","","","","","","","","","","","","","","","",""
"00374400","University of Richmond","2019","1424","","","600","","","134","","","1","135","135","0","3.70","3.70","","3.60","3.60","","3.27","3.27","","0.00","0.00","","162","162","","161","161","","155","155","","0","0","","","","","","","","","","","","","","","","","","","","","","",""
"00374500","University of Virginia","2019","5645","","","829","","","303","","","32","335","335","0","3.96","3.96","","3.90","3.90","","3.47","3.47","","1.00","1.00","","172","172","","170","170","","164","164","","6","6","","","","","","","","","","","","","","","","","","","","","","",""
"00374900","George Mason University","2019","2964","","","618","","","139","","","0","139","123","16","3.86","3.88","3.79","3.75","3.78","3.70","3.39","3.37","3.55","1.00","0.00","1.00","165","165","166","164","164","163","158","158","154","2","2","0","","","","","","","","","","","","","","","","","","","","","",""
"00376800","Washington and Lee University","2019","2531","","","848","","","120","","","4","124","124","0","3.73","3.73","","3.64","3.64","","3.43","3.43","","3.00","3.00","","164","164","","163","163","","157","157","","0","0","","","","","","","","","","","","","","","","","","","","","","",""
"00377800","Gonzaga University","2019","883","","","517","","","137","","","2","139","139","0","3.63","3.63","","3.41","3.41","","3.16","3.16","","0.00","0.00","","156","156","","154","154","","152","152","","0","0","","","","","","","","","","","","","","","","","","","","","","",""
"00379001","Seattle University","2019","1381","","","852","","","226","","","0","226","193","33","3.57","3.60","3.51","3.37","3.39","3.19","3.08","3.12","2.97","5.00","3.00","2.00","157","158","155","155","155","152","151","151","150","0","0","0","","","","","","","","","","","","","","","","","","","","","",""
"00379800","University of Washington","2019","2555","","","711","","","158","","","6","164","164","0","3.79","3.79","","3.68","3.68","","3.50","3.50","","6.00","6.00","","164","164","","162","162","","158","158","","0","0","","","","","","","","","","","","","","","","","","","","","","",""
"00382700","West Virginia University","2019","496","","","292","","","113","","","2","115","115","0","3.70","3.70","","3.45","3.45","","3.15","3.15","","0.00","0.00","","157","157","","154","154","","152","152","","0","0","","","","","","","","","","","","","","","","","","","","","","",""
"00386300","Marquette University","2019","1201","","","567","","","197","","","0","197","191","6","3.63","3.63","0.00","3.44","3.44","0.00","3.25","3.25","0.00","4.00","3.00","1.00","156","156","0","154","154","0","150","150","0","0","0","0","","","","","","","","","","","","","","","","","","","","","",""
"00389500","University of Wisconsin","2019","1704","","","750","","","218","","","5","223","223","0","3.79","3.79","","3.65","3.65","","3.42","3.42","","6.00","6.00","","164","164","","162","162","","156","156","","0","0","","","","","","","","","","","","","","","","","","","","","","",""
"00393200","University of Wyoming","2019","390","","","212","","","73","","","0","73","73","0","3.55","3.55","","3.32","3.32","","3.11","3.11","","0.00","0.00","","154","154","","152","152","","150","150","","0","0","","","","","","","","","","","","","","","","","","","","","","",""
"00393600","Pontifical Catholic University of P.R.","2019","174","","","113","","","91","","","0","91","59","32","3.72","3.65","3.76","3.37","3.35","3.40","3.15","3.20","3.07","0.00","0.00","0.00","137","138","135","135","135","135","132","129","133","39","24","15","","","","","","","","","","","","","","","","","","","","","",""
"00393801","Inter American University of Puerto Rico","2019","404","","","264","","","184","","","0","184","132","52","3.55","3.55","3.61","3.35","3.35","3.34","3.06","3.04","3.07","2.00","1.00","1.00","142","143","142","140","140","138","136","136","135","30","16","14","","","","","","","","","","","","","","","","","","","","","",""
"00394200","University of Puerto Rico","2019","301","","","152","","","137","","","1","138","103","35","3.84","3.87","3.78","3.63","3.66","3.49","3.31","3.40","3.24","2.00","1.00","1.00","149","149","146","145","145","143","142","143","142","25","19","6","","","","","","","","","","","","","","","","","","","","","",""
"00394700","University of California-Hastings","2019","3271","","","1392","","","340","","","6","346","346","0","3.62","3.62","","3.45","3.45","","3.20","3.20","","4.00","4.00","","160","160","","158","158","","154","154","","0","0","","","","","","","","","","","","","","","","","","","","","","",""
"00396900","University of Minnesota","2019","2129","","","833","","","236","","","4","240","240","0","3.87","3.87","","3.75","3.75","","3.48","3.48","","17.00","17.00","","166","166","","165","165","","161","161","","0","0","","","","","","","","","","","","","","","","","","","","","","",""
"00497700","South Texas College of Law","2019","1574","","","811","","","350","","","6","356","308","48","3.38","3.39","3.34","3.15","3.15","3.08","2.85","2.90","2.60","4.00","2.00","2.00","155","155","155","152","152","152","150","150","150","0","0","0","","","","","","","","","","","","","","","","","","","","","",""
"00891600","New England Law | Boston","2019","2247","","","1643","","","350","","","1","351","274","77","3.58","3.59","3.57","3.25","3.26","3.17","2.90","2.95","2.72","10.00","5.00","5.00","155","155","153","152","153","149","148","149","145","0","0","0","","","","","","","","","","","","","","","","","","","","","",""
"00927500","Northern Kentucky University","2019","485","","","333","","","126","","","3","129","98","31","3.53","3.57","3.48","3.28","3.24","3.34","3.00","3.02","2.92","1.00","0.00","1.00","154","154","156","151","151","154","148","148","148","0","0","0","","","","","","","","","","","","","","","","","","","","","",""
"00963500","Florida International University","2019","1665","","","476","","","152","","","0","152","135","17","3.77","3.77","3.66","3.61","3.61","3.60","3.23","3.25","3.21","0.00","0.00","0.00","158","158","160","157","157","157","155","155","150","1","0","1","","","","","","","","","","","","","","","","","","","","","",""
"01014205","Touro College","2019","1229","","","676","","","196","","","1","197","145","52","3.39","3.41","3.25","3.10","3.15","3.04","2.75","2.78","2.68","1.00","1.00","0.00","151","151","150","149","149","148","147","147","147","0","0","0","","","","","","","","","","","","","","","","","","","","","",""
"01014913","Pepperdine University","2019","3006","","","896","","","187","","","4","191","191","0","3.79","3.79","","3.66","3.66","","3.29","3.29","","3.00","3.00","","163","163","","161","161","","157","157","","7","7","","","","","","","","","","","","","","","","","","","","","","",""
"01039501","University of San Diego","2019","2875","","","1167","","","248","","","0","248","234","14","3.68","3.69","3.59","3.57","3.59","3.25","3.29","3.30","3.12","2.00","2.00","0.00","161","161","159","159","159","157","155","155","153","3","3","0","","","","","","","","","","","","","","","","","","","","","",""
"01085400","Thomas Jefferson School of Law","2019","903","","","422","","","48","","","1","49","48","1","3.12","3.12","0.00","2.87","2.87","0.00","2.52","2.52","0.00","0.00","0.00","0.00","150","150","0","149","149","0","147","147","0","0","0","0","","","","","","","","","","","","","","","","","","","","","",""
"01164901","Loyola Marymount University-Los Angeles","2019","3802","","","1254","","","324","","","3","327","281","46","3.73","3.76","3.59","3.57","3.58","3.44","3.30","3.35","3.00","1.00","1.00","0.00","162","162","161","160","160","158","157","158","155","0","0","0","","","","","","","","","","","","","","","","","","","","","",""
"01193400","Vermont Law School","2019","786","","","571","","","150","","","1","151","151","0","3.51","3.51","","3.24","3.24","","2.88","2.88","","3.00","3.00","","154","154","","150","150","","145","145","","0","0","","","","","","","","","","","","","","","","","","","","","","",""
"01262700","Western Michigan University","2019","1398","","","768","","","291","","","1","292","26","266","3.32","3.42","3.31","2.95","3.11","2.93","2.62","2.91","2.62","5.00","1.00","4.00","150","152","149","145","148","144","141","145","141","0","0","0","","","","","","","","","","","","","","","","","","","","","",""
"01310300","California Western School of Law","2019","1614","","","866","","","259","","","16","275","242","33","3.44","3.48","3.26","3.26","3.30","3.06","2.99","3.03","2.85","4.00","4.00","0.00","153","153","154","151","151","152","149","149","149","0","0","0","","","","","","","","","","","","","","","","","","","","","",""
"02053000","Liberty University","2019","347","","","190","","","81","","","3","84","84","0","3.76","3.76","","3.37","3.37","","3.02","3.02","","0.00","0.00","","154","154","","152","152","","149","149","","0","0","","","","","","","","","","","","","","","","","","","","","","",""
"02179937","Western State College of Law","2019","66","","","27","","","22","","","1","23","17","6","3.40","3.40","0.00","3.17","3.17","0.00","2.68","2.68","0.00","0.00","0.00","0.00","152","152","0","148","148","0","147","147","0","0","0","0","","","","","","","","","","","","","","","","","","","","","",""
"03091300","Regent University","2019","427","","","268","","","102","","","5","107","105","2","3.69","3.69","0.00","3.45","3.45","0.00","3.12","3.12","0.00","0.00","0.00","0.00","157","157","0","155","155","0","150","150","0","3","3","0","","","","","","","","","","","","","","","","","","","","","",""
"03173300","Atlanta's John Marshall Law School","2019","764","","","281","","","69","","","1","70","51","19","3.48","3.45","3.57","3.13","3.09","3.23","2.65","2.65","2.66","1.00","1.00","0.00","152","152","153","150","150","150","147","147","147","0","0","0","","","","","","","","","","","","","","","","","","","","","",""
"03191300","City University of New York","2019","1649","","","622","","","211","","","10","221","149","72","3.63","3.66","3.56","3.36","3.38","3.29","3.11","3.15","3.00","11.00","5.00","6.00","158","160","156","154","154","152","151","152","150","0","0","0","","","","","","","","","","","","","","","","","","","","","",""
"03374300","Florida Coastal School of Law","2019","993","","","501","","","86","","","1","87","87","0","3.36","3.36","","2.94","2.94","","2.66","2.66","","0.00","0.00","","151","151","","147","147","","146","146","","0","0","","","","","","","","","","","","","","","","","","","","","","",""
"03559300","Appalachian School of Law","2019","445","","","252","","","55","","","6","61","61","0","3.40","3.40","","3.13","3.13","","2.64","2.64","","1.00","1.00","","149","149","","145","145","","143","143","","0","0","","","","","","","","","","","","","","","","","","","","","","",""
"03691400","Ave Maria School of Law","2019","602","","","327","","","107","","","2","109","109","0","3.50","3.50","","3.21","3.21","","2.87","2.87","","4.00","4.00","","152","152","","148","148","","146","146","","0","0","","","","","","","","","","","","","","","","","","","","","","",""
"04096300","Charleston School of Law","2019","1355","","","792","","","215","","","4","219","219","0","3.39","3.39","","3.12","3.12","","2.75","2.75","","1.00","1.00","","151","151","","148","148","","146","146","","0","0","","","","","","","","","","","","","","","","","","","","","","",""
"04242101","UNT Dallas College Of Law","2019","839","","","324","","","131","","","1","132","87","45","3.45","3.48","3.43","3.19","3.24","3.03","2.78","2.78","2.72","1.00","1.00","0.00","153","153","153","151","150","151","148","148","149","0","0","0","","","","","","","","","","","","","","","","","","","","","",""
