"schoolid","schoolname","calendaryear","academicyear","condscholind","numenteringcondschol","numeliminatedcondschol","numstudents","ftnumstudents","ptnumstudents","totalrecvgrant","totalrecvgrantp","ftrecvgrant","ptrecvgrant","totalgrantlthalf","totalgrantlthalfp","ftgrantlthalf","ptgrantlthalf","totalgrantalhalf","totalgrantalhalfp","ftgrantalhalf","ptgrantalhalf","totalgrantfull","totalgrantfullp","ftgrantfull","ptgrantfull","totalgrantgtfull","totalgrantgtfullp","ftgrantgtfull","ptgrantgtfull","ftgrantamt75","ptgrantamt75","ftgrantamtmedian","ptgrantamtmedian","ftgrantamt25","ptgrantamt25"
"00100300","Faulkner University","2019","2018","Y","56","4","185","185","0","153","82.7","153","","66","35.7","66","","70","37.8","70","","17","9.2","17","","0","0.0","0","","31200","","19500","","11700",""
"00103600","Samford University","2019","2018","Y","137","19","422","422","0","371","87.9","371","","268","63.5","268","","100","23.7","100","","0","0.0","0","","3","0.7","3","","21500","","14200","","9300",""
"00105100","University of Alabama","2019","2018","N","","","381","381","0","292","76.6","292","","83","21.8","83","","137","36.0","137","","7","1.8","7","","65","17.1","65","","30000","","22100","","12000",""
"00108100","Arizona State University","2019","2018","N","","","819","819","0","623","76.1","623","","416","50.8","416","","126","15.4","126","","57","7.0","57","","24","2.9","24","","27388","","15000","","6668",""
"00108300","University of Arizona","2019","2018","N","","","341","341","0","300","88.0","300","","93","27.3","93","","134","39.3","134","","31","9.1","31","","42","12.3","42","","29000","","24500","","12250",""
"00110101","University of Arkansas-Little Rock","2019","2018","Y","99","34","431","330","101","294","68.2","221","73","109","25.3","79","30","140","32.5","108","32","38","8.8","27","11","7","1.6","7","0","13352","9791","10014","6676","3338","2225"
"00110800","University of Arkansas-Fayetteville","2019","2018","Y","54","29","342","342","0","170","49.7","169","","99","28.9","98","","60","17.5","60","","0","0.0","0","","11","3.2","11","","12320","","8000","","2000",""
"00116453","Chapman University","2019","2018","Y","118","57","491","491","0","277","56.4","269","","76","15.5","72","","194","39.5","190","","0","0.0","0","","7","1.4","7","","53124","","47742","","23100",""
"00120529","Golden Gate University","2019","2018","Y","108","66","533","432","101","398","74.7","351","47","135","25.3","126","9","131","24.6","107","24","45","8.4","33","12","87","16.3","85","2","49500","36300","34500","30000","15000","20000"
"00121601","University of La Verne","2019","2018","N","","","285","199","86","45","15.8","34","11","45","15.8","34","11","0","0.0","0","0","0","0.0","0","0","0","0.0","0","0","3271","2500","2500","2500","1800","1000"
"00129500","Southwestern Law School","2019","2018","Y","122","57","718","518","200","386","53.8","286","100","242","33.7","182","60","128","17.8","93","35","10","1.4","8","2","6","0.8","3","3","33334","21993","25340","13895","15000","4625"
"00130503","Stanford University","2019","2018","N","","","565","565","0","316","55.9","316","","137","24.2","137","","165","29.2","165","","1","0.2","1","","13","2.3","13","","44756","","32072","","20440",""
"00131273","University of California-Berkeley","2019","2018","N","","","982","982","0","668","68.0","668","","324","33.0","324","","315","32.1","315","","0","0.0","0","","29","3.0","29","","32500","","25000","","15000",""
"00131373","University of California-Davis","2019","2018","N","","","530","530","0","465","87.7","465","","133","25.1","133","","291","54.9","291","","0","0.0","0","","41","7.7","41","","40000","","30000","","20000",""
"00131400","University of California-Irvine","2019","2018","N","","","514","514","0","493","95.9","493","","385","74.9","385","","103","20.0","103","","5","1.0","5","","0","0.0","0","","25000","","20000","","17000",""
"00131500","University of California-Los Angeles","2019","2018","N","","","955","955","0","783","82.0","783","","560","58.6","560","","206","21.6","206","","12","1.3","12","","5","0.5","5","","25000","","20000","","13733",""
"00132500","University of San Francisco","2019","2018","Y","77","31","399","336","63","271","67.9","237","34","70","17.5","62","8","182","45.6","157","25","16","4.0","15","1","3","0.8","3","0","37000","31150","30000","26000","20000","14000"
"00132600","Santa Clara University","2019","2018","Y","150","59","718","718","0","419","58.4","394","","284","39.6","266","","122","17.0","119","","13","1.8","9","","0","0.0","0","","30000","","25000","","10000",""
"00132800","University of Southern California","2019","2018","N","","","614","614","0","598","97.4","598","","313","51.0","313","","277","45.1","277","","3","0.5","3","","5","0.8","5","","40000","","31000","","25000",""
"00132901","McGeorge School of Law","2019","2018","Y","133","49","511","402","109","460","90.0","372","88","248","48.5","187","61","135","26.4","118","17","67","13.1","62","5","10","2.0","5","5","48970","20054","25556","11000","6000","6600"
"00137000","University of Colorado","2019","2018","N","","","512","512","0","420","82.0","420","","282","55.1","282","","120","23.4","120","","5","1.0","5","","13","2.5","13","","18500","","11500","","10000",""
"00137100","University of Denver","2019","2018","Y","144","13","756","654","102","446","59.0","398","48","236","31.2","219","17","158","20.9","135","23","52","6.9","44","8","0","0.0","0","0","34000","25500","25000","19061","17000","12375"
"00140201","Quinnipiac University","2019","2018","Y","73","30","331","264","67","267","80.7","219","48","119","36.0","85","34","118","35.6","104","14","30","9.1","30","0","0","0.0","0","0","35000","20000","30000","12000","15000","6500"
"00141706","University of Connecticut","2019","2018","N","","","415","325","90","337","81.2","287","50","144","34.7","107","37","174","41.9","161","13","19","4.6","19","0","0","0.0","0","0","22053","10500","14702","10000","7500","5000"
"00142600","Yale University","2019","2018","N","","","621","621","0","373","60.1","373","","227","36.6","227","","146","23.5","146","","0","0.0","0","","0","0.0","0","","36902","","28005","","20444",""
"00143401","American University","2019","2018","Y","9","0","1316","1097","219","794","60.3","664","130","200","15.2","176","24","535","40.7","432","103","59","4.5","56","3","0","0.0","0","0","35000","30000","30000","30000","25000","25000"
"00143711","Catholic University of America","2019","2018","Y","22","3","377","255","122","353","93.6","242","111","229","60.7","161","68","71","18.8","44","27","50","13.3","35","15","3","0.8","2","1","30000","25000","14000","13125","7500","6250"
"00144102","District of Columbia","2019","2018","Y","41","7","218","103","115","155","71.1","75","80","59","27.1","30","29","72","33.0","34","38","24","11.0","11","13","0","0.0","0","0","17939","11000","8879","6888","5000","4010"
"00144402","George Washington University","2019","2018","N","","","1531","1367","164","1165","76.1","1106","59","720","47.0","685","35","405","26.5","388","17","40","2.6","33","7","0","0.0","0","0","35000","25000","25000","16000","18000","10000"
"00144503","Georgetown University","2019","2018","N","","","2008","1788","220","1171","58.3","1097","74","763","38.0","695","68","389","19.4","385","4","19","0.9","17","2","0","0.0","0","0","37300","15000","25000","12500","15000","7500"
"00144802","Howard University","2019","2018","Y","56","17","414","414","0","172","41.5","172","","71","17.1","71","","80","19.3","80","","0","0.0","0","","21","5.1","21","","28719","","17822","","9056",""
"00146601","Barry University","2019","2018","Y","189","78","689","494","195","537","77.9","371","166","318","46.2","220","98","218","31.6","150","68","0","0.0","0","0","1","0.1","1","0","24000","19000","17500","11250","10750","5000"
"00146800","St. Thomas University (Florida)","2019","2018","Y","105","46","533","533","0","318","59.7","318","","193","36.2","193","","124","23.3","124","","1","0.2","1","","0","0.0","0","","25000","","18000","","11000",""
"00148001","Florida A&M University","2019","2018","N","","","529","391","138","101","19.1","78","23","0","0.0","0","0","27","5.1","4","23","73","13.8","73","0","1","0.2","1","0","5000","3000","2279","1519","1000","760"
"00148900","Florida State University","2019","2018","N","","","581","581","0","498","85.7","498","","149","25.6","149","","222","38.2","222","","38","6.5","38","","89","15.3","89","","20643","","14900","","5200",""
"00150900","Nova Southeastern University","2019","2018","Y","137","27","636","525","111","275","43.2","238","37","229","36.0","197","32","46","7.2","41","5","0","0.0","0","0","0","0.0","0","0","15016","9000","15000","7500","10000","5000"
"00153101","Stetson University","2019","2018","Y","5","0","825","695","130","649","78.7","567","82","464","56.2","400","64","168","20.4","150","18","13","1.6","13","0","4","0.5","4","0","22000","16500","15750","10538","9500","4750"
"00153505","University of Florida","2019","2018","N","","","901","901","0","746","82.8","746","","220","24.4","220","","351","39.0","351","","76","8.4","76","","99","11.0","99","","14758","","10357","","5097",""
"00153601","University of Miami","2019","2018","Y","215","10","1092","1092","0","606","55.5","606","","223","20.4","223","","215","19.7","215","","142","13.0","142","","26","2.4","26","","51280","","36000","","24600",""
"00156400","Emory University","2019","2018","N","","","864","864","0","743","86.0","743","","353","40.9","353","","381","44.1","381","","0","0.0","0","","9","1.0","9","","37000","","30000","","20000",""
"00157400","Georgia State University","2019","2018","N","","","634","472","162","340","53.6","290","50","171","27.0","156","15","47","7.4","27","20","119","18.8","104","15","3","0.5","3","0","12844","10818","5000","4293","4000","3000"
"00158015","Mercer University","2019","2018","N","","","394","394","0","330","83.8","330","","179","45.4","179","","136","34.5","136","","0","0.0","0","","15","3.8","15","","25000","","18000","","12000",""
"00159800","University of Georgia","2019","2018","N","","","582","582","0","448","77.0","448","","245","42.1","245","","186","32.0","186","","7","1.2","7","","10","1.7","10","","11250","","7700","","3974",""
"00161000","University of Hawaii","2019","2018","N","","","316","252","64","202","63.9","178","24","181","57.3","167","14","17","5.4","9","8","1","0.3","0","1","3","0.9","2","1","7500","11968","5000","6500","4000","3000"
"00162600","University of Idaho","2019","2018","Y","83","21","315","315","0","175","55.6","175","","144","45.7","144","","17","5.4","17","","13","4.1","13","","1","0.3","1","","15000","","7000","","4000",""
"00167100","Depaul University","2019","2018","N","","","710","600","110","658","92.7","550","108","375","52.8","304","71","279","39.3","244","35","1","0.1","1","0","3","0.4","1","2","25000","18000","20000","12000","12000","9000"
"00169101","Chicago-Kent College of Law-IIT","2019","2018","N","","","780","652","128","672","86.2","570","102","243","31.2","198","45","397","50.9","346","51","28","3.6","23","5","4","0.5","3","1","36053","25000","30000","18750","18000","11250"
"00169800","John Marshall Law School","2019","2018","Y","156","77","952","708","244","614","64.5","510","104","238","25.0","200","38","248","26.1","197","51","107","11.2","98","9","21","2.2","15","6","36000","22500","25041","15803","18000","7663"
"00171000","Loyola University-Chicago","2019","2018","N","","","755","605","150","705","93.4","576","129","310","41.1","241","69","387","51.3","330","57","2","0.3","1","1","6","0.8","4","2","32000","24000","26000","16500","16000","11500"
"00173700","Northern Illinois University","2019","2018","N","","","260","260","0","169","65.0","169","","107","41.2","107","","61","23.5","61","","0","0.0","0","","1","0.4","1","","12191","","8127","","3000",""
"00173900","Northwestern University","2019","2018","N","","","752","752","0","558","74.2","558","","295","39.2","295","","258","34.3","258","","0","0.0","0","","5","0.7","5","","50000","","30000","","20000",""
"00175800","Southern Illinois University-Carbondale","2019","2018","N","","","269","269","0","254","94.4","254","","159","59.1","159","","86","32.0","86","","0","0.0","0","","9","3.3","9","","13500","","7500","","5000",""
"00177400","University of Chicago","2019","2018","N","","","600","600","0","503","83.8","503","","390","65.0","390","","39","6.5","39","","19","3.2","19","","55","9.2","55","","30000","","20000","","10000",""
"00177500","University of Illinois","2019","2018","N","","","402","402","0","397","98.8","397","","77","19.2","77","","311","77.4","311","","0","0.0","0","","9","2.2","9","","40836","","35000","","22500",""
"00180900","Indiana University - Bloomington","2019","2018","N","","","519","519","0","512","98.7","512","","139","26.8","139","","243","46.8","243","","60","11.6","60","","70","13.5","70","","38250","","29875","","20000",""
"00181300","Indiana University - Indianapolis","2019","2018","Y","165","45","782","548","234","607","77.6","408","199","347","44.4","238","109","127","16.2","83","44","99","12.7","71","28","34","4.3","16","18","24600","17350","11876","8786","5000","3750"
"00184000","University of Notre Dame","2019","2018","N","","","587","587","0","529","90.1","529","","338","57.6","338","","187","31.9","187","","3","0.5","3","","1","0.2","1","","35000","","25000","","15000",""
"00186000","Drake University","2019","2018","Y","39","27","313","313","0","241","77.0","241","","69","22.0","69","","134","42.8","134","","28","8.9","28","","10","3.2","10","","34000","","28000","","16000",""
"00189200","University of Iowa","2019","2018","N","","","418","418","0","319","76.3","319","","79","18.9","79","","169","40.4","169","","21","5.0","21","","50","12.0","50","","42480","","24800","","19480",""
"00194800","University of Kansas","2019","2018","Y","83","28","312","312","0","260","83.3","260","","119","38.1","119","","52","16.7","52","","73","23.4","73","","16","5.1","16","","23653","","15000","","7370",""
"00194900","Washburn University","2019","2018","Y","53","18","320","320","0","213","66.6","213","","76","23.8","76","","97","30.3","97","","1","0.3","1","","39","12.2","39","","23000","","17000","","10000",""
"00198903","University of Kentucky","2019","2018","N","","","429","429","0","408","95.1","408","","250","58.3","250","","155","36.1","155","","3","0.7","3","","0","0.0","0","","20000","","13500","","7000",""
"00199900","University of Louisville","2019","2018","N","","","357","357","0","192","53.8","192","","102","28.6","102","","84","23.5","84","","0","0.0","0","","6","1.7","6","","8000","","15000","","21292",""
"00201000","Louisiana State University","2019","2018","Y","203","52","560","560","0","515","92.0","515","","324","57.9","324","","109","19.5","109","","82","14.6","82","","0","0.0","0","","15000","","8000","","4000",""
"00201600","Loyola University-New Orleans","2019","2018","Y","104","10","525","462","63","314","59.8","277","37","128","24.4","104","24","157","29.9","148","9","19","3.6","17","2","10","1.9","8","2","32000","20250","25000","11500","15500","5100"
"00202500","Southern University","2019","2018","Y","64","10","622","452","170","88","14.1","75","13","33","5.3","20","13","5","0.8","5","0","49","7.9","49","0","1","0.2","1","0","8500","9786","8000","6300","6300","3575"
"00202900","Tulane University","2019","2018","Y","183","48","602","602","0","497","82.6","497","","212","35.2","212","","285","47.3","285","","0","0.0","0","","0","0.0","0","","35000","","30000","","20000",""
"00205400","University of Maine","2019","2018","N","","","239","239","0","168","70.3","165","","100","41.8","98","","65","27.2","64","","2","0.8","2","","1","0.4","1","","17000","","12000","","10000",""
"00210200","University of Baltimore","2019","2018","Y","147","40","658","467","191","380","57.8","300","80","288","43.8","227","61","91","13.8","72","19","1","0.2","1","0","0","0.0","0","0","19000","11250","10000","7500","5000","5000"
"00210400","University of Maryland","2019","2018","N","","","639","531","108","549","85.9","469","80","369","57.7","314","55","166","26.0","143","23","12","1.9","10","2","2","0.3","2","0","20000","15000","15000","9000","7500","5000"
"00212801","Boston College","2019","2018","N","","","737","737","0","588","79.8","588","","513","69.6","513","","65","8.8","65","","10","1.4","10","","0","0.0","0","","25000","","20000","","15000",""
"00213007","Boston University","2019","2018","N","","","769","769","0","732","95.2","732","","365","47.5","365","","302","39.3","302","","64","8.3","64","","1","0.1","1","","32000","","26910","","20000",""
"00215510","Harvard University","2019","2018","N","","","1737","1737","0","761","43.8","761","","474","27.3","474","","271","15.6","271","","6","0.3","6","","10","0.6","10","","38500","","28040","","16400",""
"00219900","Northeastern University","2019","2018","N","","","622","622","0","596","95.8","596","","182","29.3","182","","142","22.8","142","","99","15.9","99","","173","27.8","173","","52500","","40000","","17599",""
"00221007","University of Massachusetts Dartmouth","2019","2018","N","","","226","169","57","215","95.1","162","53","154","68.1","115","39","53","23.5","43","10","6","2.7","3","3","2","0.9","1","1","18550","14348","14089","10000","9000","5000"
"00221810","Suffolk University","2019","2018","N","","","1090","771","319","802","73.6","567","235","483","44.3","361","122","319","29.3","206","113","0","0.0","0","0","0","0.0","0","0","29700","22500","20000","16060","15000","11250"
"00222600","Western New England University","2019","2018","N","","","246","183","63","216","87.8","161","55","84","34.1","46","38","126","51.2","111","15","4","1.6","4","0","0","0.0","0","0","30476","21100","27000","17000","19000","8000"
"00225400","Michigan State University","2019","2018","N","","","710","710","0","626","88.2","612","","153","21.5","150","","371","52.3","364","","95","13.4","91","","7","1.0","7","","33150","","22100","","22100",""
"00232300","University of Detroit Mercy","2019","2018","Y","62","19","580","506","74","255","44.0","232","23","119","20.5","113","6","91","15.7","78","13","42","7.2","38","4","3","0.5","3","0","32500","26226","20398","17740","5000","8742"
"00232503","University of Michigan","2019","2018","N","","","1012","1012","0","871","86.1","871","","544","53.8","544","","302","29.8","302","","2","0.2","2","","23","2.3","23","","40000","","25000","","15000",""
"00232902","Wayne State University","2019","2018","Y","100","0","434","401","33","360","82.9","334","26","113","26.0","104","9","79","18.2","70","9","138","31.8","131","7","30","6.9","29","1","31254","16750","21000","9375","15000","5061"
"00234500","University of St. Thomas (Minnesota)","2019","2018","N","","","434","434","0","434","100.0","434","","103","23.7","103","","268","61.8","268","","63","14.5","63","","0","0.0","0","","33621","","27096","","19354",""
"00239101","Mitchell Hamline School of Law","2019","2018","N","","","1165","442","723","1089","93.5","445","644","498","42.7","153","345","500","42.9","239","261","89","7.6","53","36","2","0.2","0","2","33792","18915","25517","10990","16306","4814"
"00241501","Mississippi College","2019","2018","N","","","356","356","0","235","66.0","235","","122","34.3","122","","72","20.2","72","","41","11.5","41","","0","0.0","0","","25000","","14400","","10000",""
"00244000","University of Mississippi","2019","2018","N","","","364","364","0","298","81.9","298","","129","35.4","129","","140","38.5","140","","22","6.0","22","","7","1.9","7","","16612","","10000","","5000",""
"00250609","Saint Louis University","2019","2018","N","","","528","452","76","465","88.1","407","58","228","43.2","185","43","211","40.0","197","14","26","4.9","25","1","0","0.0","0","0","30000","15750","22000","10000","10000","5125"
"00251600","University of Missouri","2019","2018","Y","47","9","276","276","0","200","72.5","200","","65","23.6","65","","105","38.0","105","","9","3.3","9","","21","7.6","21","","21000","","17000","","7000",""
"00251800","University of Missouri-Kansas City","2019","2018","Y","2","0","416","416","0","328","78.8","328","","211","50.7","211","","94","22.6","94","","2","0.5","2","","21","5.0","21","","17938","","8000","","3000",""
"00252000","Washington University","2019","2018","N","","","728","728","0","667","91.6","667","","138","19.0","138","","345","47.4","345","","121","16.6","121","","63","8.7","63","","56810","","40000","","25000",""
"00253600","University of Montana","2019","2018","Y","45","0","221","221","0","144","65.2","144","","90","40.7","90","","37","16.7","37","","1","0.5","1","","16","7.2","16","","8500","","5000","","2000",""
"00254200","Creighton University","2019","2018","N","","","294","294","0","183","62.2","183","","79","26.9","79","","70","23.8","70","","1","0.3","1","","33","11.2","33","","31500","","22000","","14000",""
"00256500","University of Nebraska","2019","2018","N","","","385","385","0","246","63.9","246","","22","5.7","21","","96","24.9","96","","11","2.9","11","","117","30.4","117","","25000","","15800","","11543",""
"00256900","University of Nevada - Las Vegas","2019","2018","N","","","417","354","63","331","79.4","298","33","56","13.4","43","13","116","27.8","104","12","94","22.5","88","6","65","15.6","63","2","12950","4630","25900","9260","28400","17270"
"00258903","University of New Hampshire","2019","2018","N","","","225","224","1","221","98.2","221","0","79","35.1","79","0","72","32.0","72","0","67","29.8","67","0","3","1.3","3","0","32756","0","13000","0","7500","0"
"00262900","Rutgers University","2019","2018","Y","286","39","1134","901","233","923","81.4","784","139","361","31.8","331","30","449","39.6","414","35","1","0.1","1","0","112","9.9","38","74","20000","15000","15000","10236","9000","6000"
"00263201","Seton Hall University","2019","2018","Y","172","28","596","450","146","473","79.4","369","104","249","41.8","188","61","158","26.5","132","26","66","11.1","49","17","0","0.0","0","0","40000","28250","27000","19400","15000","10500"
"00266300","University of New Mexico","2019","2018","Y","66","9","310","310","0","193","62.3","193","","130","41.9","130","","42","13.5","42","","4","1.3","4","","17","5.5","17","","10000","","5000","","1000",""
"00267700","Brooklyn Law School","2019","2018","Y","336","63","1033","924","109","967","93.6","892","75","411","39.8","370","41","464","44.9","439","25","89","8.6","80","9","3","0.3","3","0","39000","33516","30000","24000","17000","7927"
"00270711","Columbia University","2019","2018","N","","","1268","1268","0","702","55.4","702","","467","36.8","467","","174","13.7","174","","61","4.8","61","","0","0.0","0","","33766","","24000","","14000",""
"00271101","Cornell University","2019","2018","N","","","621","621","0","477","76.8","477","","329","53.0","329","","140","22.5","140","","8","1.3","8","","0","0.0","0","","35000","","25000","","20000",""
"00272203","Fordham University","2019","2018","N","","","1245","1077","168","967","77.7","872","95","731","58.7","671","60","228","18.3","195","33","8","0.6","6","2","0","0.0","0","0","30000","27000","25000","19300","20000","10000"
"00273200","Hofstra University","2019","2018","Y","220","103","734","702","32","564","76.8","531","33","268","36.5","247","21","147","20.0","136","11","147","20.0","146","1","2","0.3","2","0","59214","30000","35000","19000","12500","7500"
"00278300","New York Law School","2019","2018","Y","288","106","1016","785","231","789","77.7","640","149","355","34.9","283","72","220","21.7","182","38","125","12.3","97","28","89","8.8","78","11","50008","38536","27500","20000","15000","10000"
"00278500","New York University","2019","2018","N","","","1380","1380","0","714","51.7","714","","490","35.5","490","","84","6.1","84","","140","10.1","140","","0","0.0","0","","35000","","25000","","15000",""
"00279102","Pace University","2019","2018","Y","203","105","612","569","43","525","85.8","483","42","247","40.4","223","24","224","36.6","210","14","54","8.8","50","4","0","0.0","0","0","36000","22000","25000","14375","15000","10000"
"00282300","St. John's University","2019","2018","Y","209","65","743","687","56","535","72.0","506","29","120","16.2","113","7","192","25.8","182","10","214","28.8","203","11","9","1.2","8","1","59080","44320","50000","35000","29540","22160"
"00283700","University of Buffalo-SUNY","2019","2018","N","","","446","446","0","345","77.4","345","","262","58.7","262","","79","17.7","79","","3","0.7","3","","1","0.2","1","","12500","","8500","","5000",""
"00288200","Syracuse University","2019","2018","N","","","585","585","0","562","96.1","562","","291","49.7","291","","250","42.7","250","","20","3.4","20","","1","0.2","1","","35000","","24650","","17500",""
"00288600","Albany Law School of Union University","2019","2018","Y","90","27","470","470","0","432","91.9","411","","153","32.6","144","","229","48.7","220","","48","10.2","45","","2","0.4","2","","38000","","28000","","18000",""
"00290301","Cardozo School of Law","2019","2018","N","","","976","891","85","910","93.2","840","70","281","28.8","246","35","472","48.4","442","30","157","16.1","152","5","0","0.0","0","0","54000","48750","44000","28340","25000","10000"
"00291300","Campbell University","2019","2018","N","","","498","498","0","429","86.1","429","","295","59.2","295","","120","24.1","120","","9","1.8","9","","5","1.0","5","","22500","","17500","","12500",""
"00292002","Duke University","2019","2018","N","","","682","682","0","597","87.5","597","","412","60.4","412","","177","26.0","177","","5","0.7","5","","3","0.4","3","","35000","","27000","","22500",""
"00292701","Elon University","2019","2018","Y","32","0","359","359","0","346","96.4","346","","146","40.7","146","","179","49.9","179","","12","3.3","12","","9","2.5","9","","27945","","16500","","7857",""
"00295000","North Carolina Central University","2019","2018","N","","","370","299","71","204","55.1","181","23","108","29.2","92","16","50","13.5","45","5","41","11.1","39","2","5","1.4","5","0","17057","13576","11540","8761","6039","4882"
"00297400","University of North Carolina","2019","2018","N","","","621","621","0","413","66.5","413","","203","32.7","203","","192","30.9","192","","16","2.6","16","","2","0.3","2","","17500","","15000","","12000",""
"00297805","Wake Forest University","2019","2018","N","","","496","496","0","448","90.3","448","","124","25.0","124","","319","64.3","319","","0","0.0","0","","5","1.0","5","","40000","","35000","","21000",""
"00300500","University of North Dakota","2019","2018","N","","","240","240","0","70","29.2","70","","54","22.5","54","","16","6.7","16","","0","0.0","0","","0","0.0","0","","5350","","2500","","1000",""
"00302302","Capital University","2019","2018","Y","118","22","409","277","132","372","91.0","266","106","228","55.7","145","83","131","32.0","111","20","13","3.2","10","3","0","0.0","0","0","22915","12000","16000","7000","9000","5000"
"00302400","Case Western Reserve University","2019","2018","N","","","433","433","0","414","95.6","414","","113","26.1","113","","301","69.5","301","","0","0.0","0","","0","0.0","0","","41333","","36000","","25000",""
"00303200","Cleveland State University","2019","2018","N","","","357","265","92","263","73.7","221","42","93","26.1","75","18","138","38.7","123","15","32","9.0","23","9","0","0.0","0","0","20460","10230","13640","6820","6820","3420"
"00308900","Ohio Northern University","2019","2018","Y","19","12","148","148","0","133","89.9","133","","40","27.0","40","","86","58.1","86","","7","4.7","7","","0","0.0","0","","24000","","20000","","12000",""
"00309000","Ohio State University","2019","2018","N","","","559","559","0","520","93.0","520","","251","44.9","251","","180","32.2","180","","69","12.3","69","","20","3.6","20","","30844","","16000","","11463",""
"00312300","University of Akron","2019","2018","N","","","479","358","121","390","81.4","331","59","255","53.2","217","38","111","23.2","95","16","19","4.0","19","0","5","1.0","0","5","15000","9500","9800","5138","5000","3000"
"00312500","University of Cincinnati","2019","2018","N","","","361","361","0","342","94.7","342","","106","29.4","106","","210","58.2","210","","26","7.2","26","","0","0.0","0","","17000","","13500","","10000",""
"00312700","University of Dayton","2019","2018","N","","","244","244","0","206","84.4","206","","71","29.1","71","","117","48.0","117","","0","0.0","0","","18","7.4","18","","33000","","28000","","13000",""
"00313100","University of Toledo","2019","2018","N","","","285","245","40","190","66.7","160","30","80","28.1","67","13","90","31.6","77","13","0","0.0","0","0","21","7.4","16","5","20968","13446","15000","10000","10968","5000"
"00316614","Oklahoma City University","2019","2018","Y","5","0","437","437","0","319","73.0","319","","221","50.6","221","","81","18.5","81","","1","0.2","1","","16","3.7","16","","18000","","14000","","8000",""
"00318400","University of Oklahoma","2019","2018","Y","9","0","506","506","0","493","97.4","493","","281","55.5","281","","197","38.9","197","","0","0.0","0","","15","3.0","15","","16000","","11000","","6000",""
"00318500","University of Tulsa","2019","2018","N","","","296","296","0","251","84.8","251","","149","50.3","149","","85","28.7","85","","11","3.7","11","","6","2.0","6","","16000","","10320","","5000",""
"00319100","Concordia Law School","2019","2018","N","","","146","116","30","148","101.4","129","19","127","87.0","109","18","15","10.3","14","1","6","4.1","6","0","0","0.0","0","0","11184","10443","8017","6492","5684","4534"
"00319700","Lewis and Clark College","2019","2018","N","","","556","448","108","453","81.5","347","106","278","50.0","201","77","173","31.1","145","28","1","0.2","0","1","1","0.2","1","0","30000","20250","24000","14000","17216","10000"
"00322300","University of Oregon","2019","2018","Y","126","16","363","363","0","333","91.7","333","","134","36.9","134","","176","48.5","176","","14","3.9","14","","9","2.5","9","","30000","","24296","","13500",""
"00322700","Willamette University","2019","2018","Y","115","50","327","327","0","238","72.8","234","","139","42.5","136","","63","19.3","62","","31","9.5","31","","5","1.5","5","","35000","","17000","","8000",""
"00325600","Drexel University","2019","2018","Y","45","13","470","470","0","427","90.9","427","","118","25.1","118","","248","52.8","248","","45","9.6","45","","16","3.4","16","","40600","","30410","","15924",""
"00325800","Duquesne University","2019","2018","N","","","433","351","82","389","89.8","328","61","189","43.6","157","32","137","31.6","121","16","55","12.7","45","10","8","1.8","5","3","35813","28000","25000","15000","17836","5881"
"00331301","Widener University-Delaware","2019","2018","N","","","515","376","139","517","100.4","366","151","363","70.5","225","138","154","29.9","141","13","0","0.0","0","0","0","0.0","0","0","26000","12000","22000","8000","12204","5000"
"00331302","Widener Commonwealth","2019","2018","N","","","317","244","73","305","96.2","236","69","233","73.5","176","57","72","22.7","60","12","0","0.0","0","0","0","0.0","0","0","23000","14000","15000","10000","8000","5000"
"00332900","Pennsylvania State University-Penn State Law","2019","2018","N","","","393","393","0","390","99.2","390","","39","9.9","39","","136","34.6","136","","213","54.2","213","","2","0.5","2","","49896","","49896","","30775",""
"00332923","Pennsylvania State University-Dickinson School of Law","2019","2018","N","","","207","207","0","207","100.0","207","","14","6.8","14","","36","17.4","36","","66","31.9","66","","91","44.0","91","","54896","","49896","","49896",""
"00337101","Temple University","2019","2018","Y","184","8","696","545","151","526","75.6","445","81","169","24.3","124","45","197","28.3","170","27","155","22.3","146","9","5","0.7","5","0","25990","13125","25000","11250","15000","7500"
"00337800","University of Pennsylvania","2019","2018","N","","","755","755","0","398","52.7","398","","246","32.6","246","","105","13.9","105","","43","5.7","43","","4","0.5","4","","37000","","25000","","14000",""
"00337900","University of Pittsburgh","2019","2018","Y","85","11","410","410","0","343","83.7","343","","152","37.1","152","","142","34.6","142","","41","10.0","41","","8","2.0","8","","28000","","20000","","11000",""
"00338801","Villanova University","2019","2018","N","","","565","565","0","428","75.8","428","","94","16.6","94","","140","24.8","140","","194","34.3","194","","0","0.0","0","","44640","","40000","","23000",""
"00341001","Roger Williams University","2019","2018","Y","112","26","454","454","0","282","62.1","282","","77","17.0","77","","200","44.1","200","","5","1.1","5","","0","0.0","0","","25344","","17868","","11485",""
"00344800","University of South Carolina","2019","2018","N","","","630","630","0","443","70.3","443","","412","65.4","412","","30","4.8","30","","1","0.2","1","","0","0.0","0","","22622","","18000","","6000",""
"00347400","University of South Dakota","2019","2018","N","","","170","169","1","0","0.0","0","0","57","33.5","57","0","9","5.3","9","0","13","7.6","13","0","0","0.0","0","0","10000","0","3500","0","1057","0"
"00347900","Belmont University","2019","2018","Y","62","15","293","293","0","144","49.1","144","","17","5.8","17","","79","27.0","79","","48","16.4","48","","0","0.0","0","","43430","","32572","","21715",""
"00350200","Lincoln Memorial University","2019","2018","N","","","253","253","0","235","92.9","209","","94","37.2","78","","111","43.9","104","","30","11.9","27","","0","0.0","0","","33150","","21780","","12460",""
"00350900","University of Memphis","2019","2018","Y","37","9","311","311","0","171","55.0","171","","116","37.3","116","","42","13.5","42","","5","1.6","5","","8","2.6","8","","10000","","7205","","4500",""
"00353000","University of Tennessee","2019","2018","N","","","360","360","0","256","71.1","256","","84","23.3","84","","107","29.7","107","","0","0.0","0","","65","18.1","65","","21000","","15000","","6000",""
"00353500","Vanderbilt University","2019","2018","N","","","577","577","0","510","88.4","510","","269","46.6","269","","226","39.2","226","","0","0.0","0","","15","2.6","15","","33000","","27000","","23000",""
"00354500","Baylor University","2019","2018","Y","132","0","497","497","0","381","76.7","381","","175","35.2","175","","125","25.2","125","","5","1.0","5","","73","14.7","73","","59388","","31108","","8000",""
"00361300","Southern Methodist University","2019","2018","Y","6","0","705","679","26","653","92.6","628","25","508","72.1","487","21","114","16.2","110","4","7","1.0","7","0","24","3.4","24","0","27000","20364","21364","13364","15000","9864"
"00362300","St. Mary's University","2019","2018","Y","188","117","746","604","142","421","56.4","349","72","375","50.3","309","66","45","6.0","39","6","0","0.0","0","0","1","0.1","1","0","13000","10000","8000","5000","4000","2000"
"00364200","Texas Southern University","2019","2018","Y","19","1","592","592","0","367","62.0","367","","314","53.0","314","","10","1.7","10","","33","5.6","33","","10","1.7","10","","21039","","13000","","6050",""
"00364400","Texas Tech University","2019","2018","Y","96","15","412","412","0","307","74.5","307","","205","49.8","205","","83","20.1","83","","0","0.0","0","","19","4.6","19","","15450","","10000","","5000",""
"00364500","Texas A&M University","2019","2018","N","","","452","421","31","385","85.2","360","25","121","26.8","113","8","180","39.8","166","14","84","18.6","81","3","0","0.0","0","0","28000","23250","18600","18200","12400","12400"
"00365200","University of Houston","2019","2018","N","","","704","606","98","570","81.0","516","54","392","55.7","346","46","141","20.0","135","6","28","4.0","26","2","9","1.3","9","0","20000","10000","10000","5000","5000","2500"
"00365800","University of Texas at Austin","2019","2018","N","","","1007","1007","0","870","86.4","870","","661","65.6","661","","196","19.5","196","","3","0.3","3","","10","1.0","10","","22000","","13000","","5500",""
"00367000","Brigham Young University","2019","2018","Y","2","1","356","356","0","286","80.3","286","","114","32.0","114","","67","18.8","67","","33","9.3","33","","72","20.2","72","","13293","","6530","","3265",""
"00367500","University of Utah","2019","2018","Y","36","7","282","282","0","155","55.0","155","","69","24.5","69","","79","28.0","79","","0","0.0","0","","7","2.5","7","","20074","","16340","","2825",""
"00370500","William and Mary Law School","2019","2018","N","","","611","611","0","562","92.0","562","","319","52.2","319","","227","37.2","227","","12","2.0","12","","4","0.7","4","","26000","","18000","","14000",""
"00374400","University of Richmond","2019","2018","N","","","373","373","0","250","67.0","250","","74","19.8","74","","74","19.8","74","","97","26.0","97","","5","1.3","5","","44700","","35000","","20000",""
"00374500","University of Virginia","2019","2018","N","","","923","923","0","446","48.3","446","","220","23.8","220","","98","10.6","98","","125","13.5","125","","3","0.3","3","","60700","","31850","","20000",""
"00374900","George Mason University","2019","2018","N","","","545","426","119","470","86.2","359","111","94","17.2","55","39","232","42.6","184","48","58","10.6","58","0","86","15.8","62","24","37705","25500","30000","19016","21858","9980"
"00376800","Washington and Lee University","2019","2018","N","","","396","396","0","380","96.0","380","","122","30.8","122","","257","64.9","257","","1","0.3","1","","0","0.0","0","","40000","","34500","","20000",""
"00377800","Gonzaga University","2019","2018","Y","146","33","350","350","0","335","95.7","335","","129","36.9","129","","191","54.6","191","","15","4.3","15","","0","0.0","0","","25000","","21000","","16000",""
"00379001","Seattle University","2019","2018","Y","168","49","613","495","118","477","77.8","400","77","271","44.2","229","42","202","33.0","168","34","4","0.7","3","1","0","0.0","0","0","30000","20000","20000","16000","12000","10000"
"00379800","University of Washington","2019","2018","N","","","492","492","0","355","72.2","355","","288","58.5","288","","52","10.6","52","","0","0.0","0","","15","3.0","15","","15749","","11000","","9000",""
"00382700","West Virginia University","2019","2018","N","","","323","323","0","252","78.0","252","","183","56.7","183","","37","11.5","37","","2","0.6","2","","30","9.3","30","","15000","","11000","","5000",""
"00386300","Marquette University","2019","2018","N","","","568","532","36","431","75.9","404","27","271","47.7","246","25","159","28.0","157","2","1","0.2","1","0","0","0.0","0","0","28000","12388","20000","9000","14000","5250"
"00389500","University of Wisconsin","2019","2018","N","","","589","589","0","491","83.4","491","","124","21.1","124","","289","49.1","289","","2","0.3","2","","76","12.9","76","","33696","","22000","","14000",""
"00393200","University of Wyoming","2019","2018","Y","147","11","226","226","0","194","85.8","194","","75","33.2","75","","61","27.0","61","","0","0.0","0","","58","25.7","58","","13683","","8000","","5920",""
"00393600","Pontifical Catholic University of P.R.","2019","2018","Y","84","14","479","350","129","99","20.7","79","20","84","17.5","73","11","14","2.9","5","9","1","0.2","1","0","0","0.0","0","0","4750","4500","2000","2500","1400","1750"
"00393801","Inter American University of Puerto Rico","2019","2018","Y","6","0","736","351","385","30","4.1","16","14","24","3.3","14","10","5","0.7","1","4","1","0.1","1","0","0","0.0","0","0","2041","2046","2721","2728","680","682"
"00394200","University of Puerto Rico","2019","2018","N","","","607","454","153","72","11.9","72","0","0","0.0","0","0","0","0.0","0","0","72","11.9","72","0","0","0.0","0","0","1500","0","1500","0","1500","0"
"00394700","University of California-Hastings","2019","2018","Y","214","39","932","932","0","843","90.5","843","","473","50.8","473","","368","39.5","368","","0","0.0","0","","2","0.2","2","","30000","","20000","","12500",""
"00396900","University of Minnesota","2019","2018","N","","","590","590","0","559","94.7","545","","256","43.4","251","","297","50.3","288","","0","0.0","0","","6","1.0","6","","40000","","27000","","20000",""
"00497700","South Texas College of Law","2019","2018","Y","181","84","991","776","215","494","49.8","421","73","457","46.1","393","64","33","3.3","25","8","1","0.1","1","0","3","0.3","2","1","10370","6750","7550","4600","3750","2015"
"00891600","New England Law | Boston","2019","2018","Y","135","37","545","377","168","376","69.0","250","126","101","18.5","78","23","126","23.1","89","37","149","27.3","83","66","0","0.0","0","0","49488","37136","35000","37136","20000","20000"
"00927500","Northern Kentucky University","2019","2018","Y","56","6","422","281","141","191","45.3","139","52","92","21.8","61","31","90","21.3","71","19","7","1.7","7","0","2","0.5","0","2","18000","14364","12000","10000","7550","8000"
"00963500","Florida International University","2019","2018","Y","73","24","459","371","88","332","72.3","299","33","178","38.8","146","32","77","16.8","76","1","59","12.9","59","0","18","3.9","18","0","21407","5000","10704","5000","5000","5000"
"01014205","Touro College","2019","2018","Y","195","104","516","362","154","402","77.9","282","120","233","45.2","157","76","162","31.4","122","40","7","1.4","3","4","0","0.0","0","0","30000","20000","22000","15650","11500","7500"
"01014913","Pepperdine University","2019","2018","Y","110","24","495","495","0","381","77.0","381","","164","33.1","164","","188","38.0","188","","1","0.2","1","","28","5.7","28","","50000","","32000","","20000",""
"01039501","University of San Diego","2019","2018","Y","195","33","687","616","71","552","80.3","507","45","290","42.2","257","33","262","38.1","250","12","0","0.0","0","0","0","0.0","0","0","40000","25000","26700","18000","17000","12000"
"01085400","Thomas Jefferson School of Law","2019","2018","N","","","326","248","78","287","88.0","219","68","191","58.6","147","44","86","26.4","64","22","10","3.1","8","2","0","0.0","0","0","28000","22140","10000","9000","3000","2250"
"01164901","Loyola Marymount University-Los Angeles","2019","2018","Y","209","28","1021","855","166","638","62.5","534","104","162","15.9","128","34","457","44.8","396","61","0","0.0","0","0","19","1.9","10","9","46000","30000","38000","22750","30000","15000"
"01193400","Vermont Law School","2019","2018","N","","","445","445","0","300","67.4","300","","165","37.1","165","","115","25.8","115","","15","3.4","15","","5","1.1","5","","39000","","20000","","10000",""
"01262700","Western Michigan University","2019","2018","N","","","1431","229","1202","605","42.3","179","426","337","23.5","103","234","167","11.7","58","109","101","7.1","18","83","0","0.0","0","0","33726","28588","18091","11694","7538","5025"
"01310300","California Western School of Law","2019","2018","Y","10","1","709","584","125","539","76.0","433","106","198","27.9","152","46","246","34.7","197","49","88","12.4","77","11","7","1.0","7","0","47088","33405","27517","22685","19620","12866"
"02053000","Liberty University","2019","2018","Y","75","0","186","186","0","185","99.5","185","","41","22.0","41","","129","69.4","129","","9","4.8","9","","6","3.2","6","","27025","","20075","","16750",""
"02179937","Western State College of Law","2019","2018","N","","","441","291","150","314","71.2","233","81","110","24.9","78","32","202","45.8","155","47","1","0.2","0","1","1","0.2","0","1","32145","24500","25800","20000","20000","14330"
"03091300","Regent University","2019","2018","N","","","251","224","27","236","94.0","212","24","80","31.9","69","11","91","36.3","83","8","63","25.1","58","5","2","0.8","2","0","34200","19699","24650","14500","14000","9030"
"03173300","Atlanta's John Marshall Law School","2019","2018","Y","93","48","434","249","185","160","36.9","99","61","52","12.0","24","28","103","23.7","74","29","5","1.2","1","4","0","0.0","0","0","32000","21800","25000","12879","15000","7221"
"03191300","City University of New York","2019","2018","N","","","578","420","158","246","42.6","219","27","125","21.6","117","8","67","11.6","50","17","28","4.8","27","1","26","4.5","25","1","14000","6000","7600","6000","3713","4000"
"03374300","Florida Coastal School of Law","2019","2018","Y","60","13","282","282","0","178","63.1","156","","59","20.9","55","","41","14.5","34","","42","14.9","41","","0","0.0","0","","35868","","17050","","7560",""
"03559300","Appalachian School of Law","2019","2018","Y","35","15","154","154","0","102","66.2","102","","67","43.5","67","","20","13.0","20","","15","9.7","15","","0","0.0","0","","17500","","8680","","8000",""
"03691400","Ave Maria School of Law","2019","2018","Y","91","38","268","268","0","189","70.5","189","","73","27.2","73","","101","37.7","101","","0","0.0","0","","15","5.6","15","","39450","","27000","","12000",""
"04096300","Charleston School of Law","2019","2018","N","","","657","657","0","581","88.4","581","","423","64.4","423","","158","24.0","158","","0","0.0","0","","0","0.0","0","","22500","","12000","","10000",""
"04242101","UNT Dallas College Of Law","2019","2018","N","","","344","210","134","231","67.2","138","93","231","67.2","138","93","0","0.0","0","0","0","0.0","0","0","0","0.0","0","0","2000","2000","2000","1000","1000","750"
